#
# There is insufficient memory for the Java Runtime Environment to continue.
# Native memory allocation (malloc) failed to allocate 1104064 bytes. Error detail: Chunk::new
# Possible reasons:
#   The system is out of physical RAM or swap space
#   This process is running with CompressedOops enabled, and the Java Heap may be blocking the growth of the native heap
# Possible solutions:
#   Reduce memory load on the system
#   Increase physical memory or swap space
#   Check if swap backing store is full
#   Decrease Java heap size (-Xmx/-Xms)
#   Decrease number of Java threads
#   Decrease Java thread stack sizes (-Xss)
#   Set larger code cache with -XX:ReservedCodeCacheSize=
#   JVM is running with Unscaled Compressed Oops mode in which the Java heap is
#     placed in the first 4GB address space. The Java Heap base address is the
#     maximum limit for the native heap growth. Please use -XX:HeapBaseMinAddress
#     to set the Java Heap base and to place the Java Heap above 4GB virtual address.
# This output file may be truncated or incomplete.
#
#  Out of Memory Error (arena.cpp:168), pid=19488, tid=50084
#
# JRE version: OpenJDK Runtime Environment (21.0.10) (build 21.0.10+-14961533-b1163.108)
# Java VM: OpenJDK 64-Bit Server VM (21.0.10+-14961533-b1163.108, mixed mode, tiered, compressed oops, compressed class ptrs, g1 gc, windows-amd64)
# No core dump will be written. Minidumps are not enabled by default on client versions of Windows
#

---------------  S U M M A R Y ------------

Command Line: --add-opens=java.base/java.lang=ALL-UNNAMED --add-opens=java.base/java.lang.invoke=ALL-UNNAMED --add-opens=java.base/java.util=ALL-UNNAMED --add-opens=java.prefs/java.util.prefs=ALL-UNNAMED --add-exports=jdk.compiler/com.sun.tools.javac.api=ALL-UNNAMED --add-exports=jdk.compiler/com.sun.tools.javac.util=ALL-UNNAMED --add-opens=java.base/java.util=ALL-UNNAMED --add-opens=java.prefs/java.util.prefs=ALL-UNNAMED --add-opens=java.base/java.nio.charset=ALL-UNNAMED --add-opens=java.base/java.net=ALL-UNNAMED --add-opens=java.base/java.util.concurrent=ALL-UNNAMED --add-opens=java.base/java.util.concurrent.atomic=ALL-UNNAMED --add-opens=java.xml/javax.xml.namespace=ALL-UNNAMED --add-opens=java.base/java.time=ALL-UNNAMED -Xmx2048m -Dfile.encoding=UTF-8 -Duser.country=US -Duser.language=en -Duser.variant -javaagent:C:\Users\Admin\.gradle\wrapper\dists\gradle-9.4.1-bin\arn2x92ynaizyzdaamcbpbhtj\gradle-9.4.1\lib\agents\gradle-instrumentation-agent-9.4.1.jar org.gradle.launcher.daemon.bootstrap.GradleDaemon 9.4.1

Host: 13th Gen Intel(R) Core(TM) i5-13400F, 16 cores, 31G,  Windows 11 , 64 bit Build 22621 (10.0.22621.5415)
Time: Fri Jul  3 15:50:49 2026 SE Asia Standard Time elapsed time: 12.683607 seconds (0d 0h 0m 12s)

---------------  T H R E A D  ---------------

Current thread (0x000001d402dfc0a0):  JavaThread "C2 CompilerThread2" daemon [_thread_in_native, id=50084, stack(0x000000bec2d00000,0x000000bec2e00000) (1024K)]


Current CompileTask:
C2:12683 15709   !   4       org.gradle.internal.snapshot.impl.DirectorySnapshotter$PathVisitor::doVisitFile (194 bytes)

Stack: [0x000000bec2d00000,0x000000bec2e00000]
Native frames: (J=compiled Java code, j=interpreted, Vv=VM code, C=native code)
V  [jvm.dll+0x6d78a9]
V  [jvm.dll+0x8665b3]
V  [jvm.dll+0x868bde]
V  [jvm.dll+0x8692c3]
V  [jvm.dll+0x280ee6]
V  [jvm.dll+0xc07cd]
V  [jvm.dll+0xc0d03]
V  [jvm.dll+0x3ba0cb]
V  [jvm.dll+0x385df7]
V  [jvm.dll+0x38526a]
V  [jvm.dll+0x249bd2]
V  [jvm.dll+0x2491a1]
V  [jvm.dll+0x1c76e4]
V  [jvm.dll+0x25891e]
V  [jvm.dll+0x256e66]
V  [jvm.dll+0x3f513e]
V  [jvm.dll+0x80fd28]
V  [jvm.dll+0x6d60fd]
C  [ucrtbase.dll+0x29333]
C  [KERNEL32.DLL+0x1259d]
C  [ntdll.dll+0x5af78]


---------------  P R O C E S S  ---------------

Threads class SMR info:
_java_thread_list=0x000001d402c27000, length=85, elements={
0x000001d46154dad0, 0x000001d4799e6570, 0x000001d4799ea120, 0x000001d4799eac80,
0x000001d479a24f30, 0x000001d479a25990, 0x000001d479a263f0, 0x000001d479a13f90,
0x000001d479a27180, 0x000001d479a2b530, 0x000001d47e01a520, 0x000001d47e2196f0,
0x000001d47e1d2710, 0x000001d47e5406d0, 0x000001d4003641f0, 0x000001d47f735570,
0x000001d400439dc0, 0x000001d401757a60, 0x000001d400f717d0, 0x000001d47f374ce0,
0x000001d47f41d250, 0x000001d47f41b810, 0x000001d47f41bea0, 0x000001d47f41c530,
0x000001d47f41d8e0, 0x000001d47f41cbc0, 0x000001d47f41aaf0, 0x000001d40503a130,
0x000001d40503c890, 0x000001d405040a30, 0x000001d40503c200, 0x000001d40503e2d0,
0x000001d40503e960, 0x000001d40503eff0, 0x000001d40503cf20, 0x000001d405039aa0,
0x000001d40503f680, 0x000001d40503fd10, 0x000001d40503a7c0, 0x000001d40503ae50,
0x000001d4020726e0, 0x000001d402074120, 0x000001d4020747b0, 0x000001d402070ca0,
0x000001d402072d70, 0x000001d402073400, 0x000001d40206d820, 0x000001d402073a90,
0x000001d402074e40, 0x000001d40206deb0, 0x000001d40206ff80, 0x000001d402070610,
0x000001d402071330, 0x000001d402072050, 0x000001d40206e540, 0x000001d4020719c0,
0x000001d40206ebd0, 0x000001d40206f260, 0x000001d40206f8f0, 0x000001d405d71dc0,
0x000001d405d70380, 0x000001d405d6e2b0, 0x000001d47e4ff4f0, 0x000001d405d710a0,
0x000001d402dfc0a0, 0x000001d402df6ee0, 0x000001d403847850, 0x000001d403847ee0,
0x000001d400752690, 0x000001d405d73800, 0x000001d405d6e940, 0x000001d40681a4f0,
0x000001d40681d970, 0x000001d40681e000, 0x000001d406817d90, 0x000001d406819140,
0x000001d406817070, 0x000001d40681e690, 0x000001d40681b8a0, 0x000001d40681d2e0,
0x000001d406818420, 0x000001d40681c5c0, 0x000001d40681cc50, 0x000001d40681bf30,
0x000001d4068197d0
}

Java Threads: ( => current thread )
  0x000001d46154dad0 JavaThread "main"                              [_thread_blocked, id=30540, stack(0x000000bebd900000,0x000000bebda00000) (1024K)]
  0x000001d4799e6570 JavaThread "Common-Cleaner"             daemon [_thread_blocked, id=6164, stack(0x000000bebe100000,0x000000bebe200000) (1024K)]
  0x000001d4799ea120 JavaThread "Reference Handler"          daemon [_thread_blocked, id=49496, stack(0x000000bebe200000,0x000000bebe300000) (1024K)]
  0x000001d4799eac80 JavaThread "Finalizer"                  daemon [_thread_blocked, id=44644, stack(0x000000bebe300000,0x000000bebe400000) (1024K)]
  0x000001d479a24f30 JavaThread "Signal Dispatcher"          daemon [_thread_blocked, id=31640, stack(0x000000bebe400000,0x000000bebe500000) (1024K)]
  0x000001d479a25990 JavaThread "Attach Listener"            daemon [_thread_blocked, id=11116, stack(0x000000bebe500000,0x000000bebe600000) (1024K)]
  0x000001d479a263f0 JavaThread "Service Thread"             daemon [_thread_blocked, id=4292, stack(0x000000bebe600000,0x000000bebe700000) (1024K)]
  0x000001d479a13f90 JavaThread "Monitor Deflation Thread"   daemon [_thread_blocked, id=49900, stack(0x000000bebe700000,0x000000bebe800000) (1024K)]
  0x000001d479a27180 JavaThread "C2 CompilerThread0"         daemon [_thread_blocked, id=50000, stack(0x000000bebe800000,0x000000bebe900000) (1024K)]
  0x000001d479a2b530 JavaThread "C1 CompilerThread0"         daemon [_thread_blocked, id=48804, stack(0x000000bebe900000,0x000000bebea00000) (1024K)]
  0x000001d47e01a520 JavaThread "C1 CompilerThread1"         daemon [_thread_blocked, id=48784, stack(0x000000bebea00000,0x000000bebeb00000) (1024K)]
  0x000001d47e2196f0 JavaThread "Notification Thread"        daemon [_thread_blocked, id=48916, stack(0x000000bebeb00000,0x000000bebec00000) (1024K)]
  0x000001d47e1d2710 JavaThread "C1 CompilerThread2"         daemon [_thread_blocked, id=23652, stack(0x000000bebec00000,0x000000bebed00000) (1024K)]
  0x000001d47e5406d0 JavaThread "C1 CompilerThread3"         daemon [_thread_blocked, id=50756, stack(0x000000bebee00000,0x000000bebef00000) (1024K)]
  0x000001d4003641f0 JavaThread "Daemon health stats"               [_thread_blocked, id=14232, stack(0x000000bebfd00000,0x000000bebfe00000) (1024K)]
  0x000001d47f735570 JavaThread "Incoming local TCP Connector on port 51039"        [_thread_in_native, id=33084, stack(0x000000bebfe00000,0x000000bebff00000) (1024K)]
  0x000001d400439dc0 JavaThread "Daemon periodic checks"            [_thread_blocked, id=9336, stack(0x000000bebff00000,0x000000bec0000000) (1024K)]
  0x000001d401757a60 JavaThread "Daemon"                            [_thread_blocked, id=700, stack(0x000000bec0000000,0x000000bec0100000) (1024K)]
  0x000001d400f717d0 JavaThread "Handler for socket connection from /127.0.0.1:51039 to /127.0.0.1:51040"        [_thread_in_native, id=39044, stack(0x000000bec0100000,0x000000bec0200000) (1024K)]
  0x000001d47f374ce0 JavaThread "Cancel handler"                    [_thread_blocked, id=33620, stack(0x000000bec0500000,0x000000bec0600000) (1024K)]
  0x000001d47f41d250 JavaThread "Daemon worker"                     [_thread_blocked, id=6816, stack(0x000000bec0600000,0x000000bec0700000) (1024K)]
  0x000001d47f41b810 JavaThread "Asynchronous log dispatcher for DefaultDaemonConnection: socket connection from /127.0.0.1:51039 to /127.0.0.1:51040"        [_thread_blocked, id=12568, stack(0x000000bec0700000,0x000000bec0800000) (1024K)]
  0x000001d47f41bea0 JavaThread "Stdin handler"                     [_thread_blocked, id=28840, stack(0x000000bec0800000,0x000000bec0900000) (1024K)]
  0x000001d47f41c530 JavaThread "Daemon client event forwarder"        [_thread_blocked, id=44416, stack(0x000000bec0900000,0x000000bec0a00000) (1024K)]
  0x000001d47f41d8e0 JavaThread "Cache worker for journal cache (C:\Users\Admin\.gradle\caches\journal-1)"        [_thread_blocked, id=30212, stack(0x000000bec0a00000,0x000000bec0b00000) (1024K)]
  0x000001d47f41cbc0 JavaThread "File lock request listener"        [_thread_in_native, id=2764, stack(0x000000bec0b00000,0x000000bec0c00000) (1024K)]
  0x000001d47f41aaf0 JavaThread "Cache worker for file hash cache (C:\Users\Admin\.gradle\caches\9.4.1\fileHashes)"        [_thread_in_vm, id=44440, stack(0x000000bec0c00000,0x000000bec0d00000) (1024K)]
  0x000001d40503a130 JavaThread "Cache worker for file hash cache (C:\Users\Admin\AndroidStudioProjects\eLeap\.gradle\9.4.1\fileHashes)"        [_thread_blocked, id=15904, stack(0x000000bec0d00000,0x000000bec0e00000) (1024K)]
  0x000001d40503c890 JavaThread "Cache worker for Build Output Cleanup Cache (C:\Users\Admin\AndroidStudioProjects\eLeap\.gradle\buildOutputCleanup)"        [_thread_blocked, id=26752, stack(0x000000bec0e00000,0x000000bec0f00000) (1024K)]
  0x000001d405040a30 JavaThread "File watcher server"        daemon [_thread_in_native, id=10244, stack(0x000000bec0f00000,0x000000bec1000000) (1024K)]
  0x000001d40503c200 JavaThread "File watcher consumer"      daemon [_thread_blocked, id=34220, stack(0x000000bec1000000,0x000000bec1100000) (1024K)]
  0x000001d40503e2d0 JavaThread "Cache worker for file content cache (C:\Users\Admin\.gradle\caches\9.4.1\fileContent)"        [_thread_blocked, id=39828, stack(0x000000bec1100000,0x000000bec1200000) (1024K)]
  0x000001d40503e960 JavaThread "Cache worker for checksums cache (C:\Users\Admin\AndroidStudioProjects\eLeap\.gradle\9.4.1\checksums)"        [_thread_blocked, id=45360, stack(0x000000bec1200000,0x000000bec1300000) (1024K)]
  0x000001d40503eff0 JavaThread "Cache worker for cache directory md-supplier (C:\Users\Admin\.gradle\caches\9.4.1\md-supplier)"        [_thread_blocked, id=32236, stack(0x000000bec1300000,0x000000bec1400000) (1024K)]
  0x000001d40503cf20 JavaThread "Cache worker for cache directory md-rule (C:\Users\Admin\.gradle\caches\9.4.1\md-rule)"        [_thread_blocked, id=8840, stack(0x000000bec1400000,0x000000bec1500000) (1024K)]
  0x000001d405039aa0 JavaThread "jar transforms"                    [_thread_blocked, id=44936, stack(0x000000bec1500000,0x000000bec1600000) (1024K)]
  0x000001d40503f680 JavaThread "jar transforms Thread 2"           [_thread_blocked, id=17348, stack(0x000000bec1600000,0x000000bec1700000) (1024K)]
  0x000001d40503fd10 JavaThread "jar transforms Thread 3"           [_thread_blocked, id=29708, stack(0x000000bec1700000,0x000000bec1800000) (1024K)]
  0x000001d40503a7c0 JavaThread "Build operations"                  [_thread_in_native, id=30976, stack(0x000000bec1800000,0x000000bec1900000) (1024K)]
  0x000001d40503ae50 JavaThread "Build operations Thread 2"         [_thread_blocked, id=22080, stack(0x000000bec1900000,0x000000bec1a00000) (1024K)]
  0x000001d4020726e0 JavaThread "Build operations Thread 3"         [_thread_blocked, id=45096, stack(0x000000bec1a00000,0x000000bec1b00000) (1024K)]
  0x000001d402074120 JavaThread "Build operations Thread 4"         [_thread_blocked, id=18304, stack(0x000000bec1b00000,0x000000bec1c00000) (1024K)]
  0x000001d4020747b0 JavaThread "Build operations Thread 5"         [_thread_in_native, id=22280, stack(0x000000bec1c00000,0x000000bec1d00000) (1024K)]
  0x000001d402070ca0 JavaThread "Build operations Thread 6"         [_thread_blocked, id=36000, stack(0x000000bec1d00000,0x000000bec1e00000) (1024K)]
  0x000001d402072d70 JavaThread "Build operations Thread 7"         [_thread_blocked, id=50584, stack(0x000000bec1e00000,0x000000bec1f00000) (1024K)]
  0x000001d402073400 JavaThread "Build operations Thread 8"         [_thread_blocked, id=4012, stack(0x000000bec1f00000,0x000000bec2000000) (1024K)]
  0x000001d40206d820 JavaThread "Build operations Thread 9"         [_thread_blocked, id=20604, stack(0x000000bec2000000,0x000000bec2100000) (1024K)]
  0x000001d402073a90 JavaThread "Build operations Thread 10"        [_thread_blocked, id=44116, stack(0x000000bec2100000,0x000000bec2200000) (1024K)]
  0x000001d402074e40 JavaThread "Build operations Thread 11"        [_thread_blocked, id=44288, stack(0x000000bec2200000,0x000000bec2300000) (1024K)]
  0x000001d40206deb0 JavaThread "Build operations Thread 12"        [_thread_in_native, id=8796, stack(0x000000bec2300000,0x000000bec2400000) (1024K)]
  0x000001d40206ff80 JavaThread "Build operations Thread 13"        [_thread_blocked, id=50252, stack(0x000000bec2400000,0x000000bec2500000) (1024K)]
  0x000001d402070610 JavaThread "Build operations Thread 14"        [_thread_in_Java, id=18384, stack(0x000000bec2500000,0x000000bec2600000) (1024K)]
  0x000001d402071330 JavaThread "Build operations Thread 15"        [_thread_blocked, id=17220, stack(0x000000bec2600000,0x000000bec2700000) (1024K)]
  0x000001d402072050 JavaThread "Build operations Thread 16"        [_thread_in_vm, id=49744, stack(0x000000bec2700000,0x000000bec2800000) (1024K)]
  0x000001d40206e540 JavaThread "jar transforms Thread 4"           [_thread_blocked, id=27392, stack(0x000000bec2800000,0x000000bec2900000) (1024K)]
  0x000001d4020719c0 JavaThread "jar transforms Thread 5"           [_thread_blocked, id=27752, stack(0x000000bec2900000,0x000000bec2a00000) (1024K)]
  0x000001d40206ebd0 JavaThread "jar transforms Thread 6"           [_thread_blocked, id=40596, stack(0x000000bec2a00000,0x000000bec2b00000) (1024K)]
  0x000001d40206f260 JavaThread "jar transforms Thread 7"           [_thread_blocked, id=2116, stack(0x000000bec2b00000,0x000000bec2c00000) (1024K)]
  0x000001d40206f8f0 JavaThread "jar transforms Thread 8"           [_thread_blocked, id=21208, stack(0x000000bec2c00000,0x000000bec2d00000) (1024K)]
  0x000001d405d71dc0 JavaThread "Problems report writer"            [_thread_blocked, id=52936, stack(0x000000bebef00000,0x000000bebf000000) (1024K)]
  0x000001d405d70380 JavaThread "build event listener"              [_thread_blocked, id=46728, stack(0x000000bebed00000,0x000000bebee00000) (1024K)]
  0x000001d405d6e2b0 JavaThread "Memory manager"                    [_thread_blocked, id=48416, stack(0x000000bebf100000,0x000000bebf200000) (1024K)]
  0x000001d47e4ff4f0 JavaThread "C2 CompilerThread1"         daemon [_thread_blocked, id=36132, stack(0x000000bebf000000,0x000000bebf100000) (1024K)]
  0x000001d405d710a0 JavaThread "build event listener"              [_thread_blocked, id=53068, stack(0x000000bec2e00000,0x000000bec2f00000) (1024K)]
=>0x000001d402dfc0a0 JavaThread "C2 CompilerThread2"         daemon [_thread_in_native, id=50084, stack(0x000000bec2d00000,0x000000bec2e00000) (1024K)]
  0x000001d402df6ee0 JavaThread "C2 CompilerThread3"         daemon [_thread_in_native, id=45588, stack(0x000000bec2f00000,0x000000bec3000000) (1024K)]
  0x000001d403847850 JavaThread "pool-3-thread-1"                   [_thread_blocked, id=11080, stack(0x000000bec3100000,0x000000bec3200000) (1024K)]
  0x000001d403847ee0 JavaThread "build event listener"              [_thread_blocked, id=51380, stack(0x000000bec3200000,0x000000bec3300000) (1024K)]
  0x000001d400752690 JavaThread "included builds"                   [_thread_blocked, id=31668, stack(0x000000bec3300000,0x000000bec3400000) (1024K)]
  0x000001d405d73800 JavaThread "Execution worker"                  [_thread_blocked, id=7812, stack(0x000000bec3400000,0x000000bec3500000) (1024K)]
  0x000001d405d6e940 JavaThread "Execution worker Thread 2"         [_thread_blocked, id=22052, stack(0x000000bec3500000,0x000000bec3600000) (1024K)]
  0x000001d40681a4f0 JavaThread "Execution worker Thread 3"         [_thread_blocked, id=45460, stack(0x000000bec3600000,0x000000bec3700000) (1024K)]
  0x000001d40681d970 JavaThread "Execution worker Thread 4"         [_thread_blocked, id=44576, stack(0x000000bec3700000,0x000000bec3800000) (1024K)]
  0x000001d40681e000 JavaThread "Execution worker Thread 5"         [_thread_blocked, id=40972, stack(0x000000bec3800000,0x000000bec3900000) (1024K)]
  0x000001d406817d90 JavaThread "Execution worker Thread 6"         [_thread_blocked, id=7340, stack(0x000000bec3900000,0x000000bec3a00000) (1024K)]
  0x000001d406819140 JavaThread "Execution worker Thread 7"         [_thread_blocked, id=33192, stack(0x000000bec3a00000,0x000000bec3b00000) (1024K)]
  0x000001d406817070 JavaThread "Execution worker Thread 8"         [_thread_blocked, id=31308, stack(0x000000bec3b00000,0x000000bec3c00000) (1024K)]
  0x000001d40681e690 JavaThread "Execution worker Thread 9"         [_thread_blocked, id=15264, stack(0x000000bec3c00000,0x000000bec3d00000) (1024K)]
  0x000001d40681b8a0 JavaThread "Execution worker Thread 10"        [_thread_blocked, id=38696, stack(0x000000bec3d00000,0x000000bec3e00000) (1024K)]
  0x000001d40681d2e0 JavaThread "Execution worker Thread 11"        [_thread_blocked, id=44656, stack(0x000000bec3e00000,0x000000bec3f00000) (1024K)]
  0x000001d406818420 JavaThread "Execution worker Thread 12"        [_thread_blocked, id=18712, stack(0x000000bec3f00000,0x000000bec4000000) (1024K)]
  0x000001d40681c5c0 JavaThread "Execution worker Thread 13"        [_thread_blocked, id=50020, stack(0x000000bec4000000,0x000000bec4100000) (1024K)]
  0x000001d40681cc50 JavaThread "Execution worker Thread 14"        [_thread_blocked, id=46000, stack(0x000000bec4100000,0x000000bec4200000) (1024K)]
  0x000001d40681bf30 JavaThread "Execution worker Thread 15"        [_thread_blocked, id=26212, stack(0x000000bec4200000,0x000000bec4300000) (1024K)]
  0x000001d4068197d0 JavaThread "Cache worker for execution history cache (C:\Users\Admin\AndroidStudioProjects\eLeap\.gradle\9.4.1\executionHistory)"        [_thread_blocked, id=42028, stack(0x000000bec4300000,0x000000bec4400000) (1024K)]
Total: 85

Other Threads:
  0x000001d4797c7bf0 VMThread "VM Thread"                           [id=20356, stack(0x000000bebe000000,0x000000bebe100000) (1024K)]
  0x000001d4797ad4d0 WatcherThread "VM Periodic Task Thread"        [id=37512, stack(0x000000bebdf00000,0x000000bebe000000) (1024K)]
  0x000001d4615a6370 WorkerThread "GC Thread#0"                     [id=21904, stack(0x000000bebda00000,0x000000bebdb00000) (1024K)]
  0x000001d47f33d370 WorkerThread "GC Thread#1"                     [id=24736, stack(0x000000bebf200000,0x000000bebf300000) (1024K)]
  0x000001d40005da40 WorkerThread "GC Thread#2"                     [id=42360, stack(0x000000bebf300000,0x000000bebf400000) (1024K)]
  0x000001d47f151710 WorkerThread "GC Thread#3"                     [id=45232, stack(0x000000bebf400000,0x000000bebf500000) (1024K)]
  0x000001d47f151ac0 WorkerThread "GC Thread#4"                     [id=46764, stack(0x000000bebf500000,0x000000bebf600000) (1024K)]
  0x000001d47ebd0ea0 WorkerThread "GC Thread#5"                     [id=43604, stack(0x000000bebf600000,0x000000bebf700000) (1024K)]
  0x000001d47f35dc80 WorkerThread "GC Thread#6"                     [id=32852, stack(0x000000bebf700000,0x000000bebf800000) (1024K)]
  0x000001d47f35f2a0 WorkerThread "GC Thread#7"                     [id=8048, stack(0x000000bebf800000,0x000000bebf900000) (1024K)]
  0x000001d47f35d8d0 WorkerThread "GC Thread#8"                     [id=46920, stack(0x000000bebf900000,0x000000bebfa00000) (1024K)]
  0x000001d47f35e3e0 WorkerThread "GC Thread#9"                     [id=33588, stack(0x000000bebfa00000,0x000000bebfb00000) (1024K)]
  0x000001d47f35e030 WorkerThread "GC Thread#10"                    [id=33472, stack(0x000000bebfb00000,0x000000bebfc00000) (1024K)]
  0x000001d47f35eef0 WorkerThread "GC Thread#11"                    [id=18240, stack(0x000000bebfc00000,0x000000bebfd00000) (1024K)]
  0x000001d47f2c4c70 WorkerThread "GC Thread#12"                    [id=4680, stack(0x000000bec0200000,0x000000bec0300000) (1024K)]
  0x000001d4615b7370 ConcurrentGCThread "G1 Main Marker"            [id=7376, stack(0x000000bebdb00000,0x000000bebdc00000) (1024K)]
  0x000001d4615b7d20 WorkerThread "G1 Conc#0"                       [id=47856, stack(0x000000bebdc00000,0x000000bebdd00000) (1024K)]
  0x000001d47f2c32a0 WorkerThread "G1 Conc#1"                       [id=49012, stack(0x000000bec0300000,0x000000bec0400000) (1024K)]
  0x000001d47f2c3a00 WorkerThread "G1 Conc#2"                       [id=27208, stack(0x000000bec0400000,0x000000bec0500000) (1024K)]
  0x000001d4797a0060 ConcurrentGCThread "G1 Refine#0"               [id=36436, stack(0x000000bebdd00000,0x000000bebde00000) (1024K)]
  0x000001d4797a0890 ConcurrentGCThread "G1 Service"                [id=34192, stack(0x000000bebde00000,0x000000bebdf00000) (1024K)]
Total: 21

Threads with active compile tasks:
C2 CompilerThread2  12698 15709   !   4       org.gradle.internal.snapshot.impl.DirectorySnapshotter$PathVisitor::doVisitFile (194 bytes)
C2 CompilerThread3  12698 15710       4       org.gradle.internal.snapshot.impl.DirectorySnapshotter$PathVisitor::visitResolvedFile (44 bytes)
Total: 2

VM state: not at safepoint (normal execution)

VM Mutex/Monitor currently owned by a thread: None

Heap address: 0x0000000080000000, size: 2048 MB, Compressed Oops mode: 32-bit

CDS archive(s) not mapped
Compressed class space mapped at: 0x0000000100000000-0x0000000140000000, reserved size: 1073741824
Narrow klass base: 0x0000000000000000, Narrow klass shift: 3, Narrow klass range: 0x140000000

GC Precious Log:
 CardTable entry size: 512
 Card Set container configuration: InlinePtr #cards 5 size 8 Array Of Cards #cards 12 size 40 Howl #buckets 4 coarsen threshold 1843 Howl Bitmap #cards 512 size 80 coarsen threshold 460 Card regions per heap region 1 cards per card region 2048
 CPUs: 16 total, 16 available
 Memory: 32581M
 Large Page Support: Disabled
 NUMA Support: Disabled
 Compressed Oops: Enabled (32-bit)
 Heap Region Size: 1M
 Heap Min Capacity: 8M
 Heap Initial Capacity: 510M
 Heap Max Capacity: 2G
 Pre-touch: Disabled
 Parallel Workers: 13
 Concurrent Workers: 3
 Concurrent Refinement Workers: 13
 Periodic GC: Disabled

Heap:
 garbage-first heap   total 217088K, used 142236K [0x0000000080000000, 0x0000000100000000)
  region size 1024K, 16 young (16384K), 7 survivors (7168K)
 Metaspace       used 125829K, committed 128128K, reserved 1179648K
  class space    used 17526K, committed 18624K, reserved 1048576K

Heap Regions: E=young(eden), S=young(survivor), O=old, HS=humongous(starts), HC=humongous(continues), CS=collection set, F=free, TAMS=top-at-mark-start, PB=parsable bottom
|   0|0x0000000080000000, 0x0000000080100000, 0x0000000080100000|100%|HS|  |TAMS 0x0000000080000000| PB 0x0000000080000000| Complete 
|   1|0x0000000080100000, 0x0000000080200000, 0x0000000080200000|100%|HC|  |TAMS 0x0000000080100000| PB 0x0000000080100000| Complete 
|   2|0x0000000080200000, 0x0000000080300000, 0x0000000080300000|100%|HC|  |TAMS 0x0000000080200000| PB 0x0000000080200000| Complete 
|   3|0x0000000080300000, 0x0000000080400000, 0x0000000080400000|100%|HC|  |TAMS 0x0000000080300000| PB 0x0000000080300000| Complete 
|   4|0x0000000080400000, 0x0000000080500000, 0x0000000080500000|100%| O|  |TAMS 0x0000000080400000| PB 0x0000000080400000| Untracked 
|   5|0x0000000080500000, 0x0000000080600000, 0x0000000080600000|100%| O|  |TAMS 0x0000000080500000| PB 0x0000000080500000| Untracked 
|   6|0x0000000080600000, 0x0000000080700000, 0x0000000080700000|100%| O|  |TAMS 0x0000000080600000| PB 0x0000000080600000| Untracked 
|   7|0x0000000080700000, 0x0000000080800000, 0x0000000080800000|100%| O|  |TAMS 0x0000000080700000| PB 0x0000000080700000| Untracked 
|   8|0x0000000080800000, 0x0000000080900000, 0x0000000080900000|100%| O|  |TAMS 0x0000000080800000| PB 0x0000000080800000| Untracked 
|   9|0x0000000080900000, 0x0000000080a00000, 0x0000000080a00000|100%| O|  |TAMS 0x0000000080900000| PB 0x0000000080900000| Untracked 
|  10|0x0000000080a00000, 0x0000000080b00000, 0x0000000080b00000|100%| O|  |TAMS 0x0000000080a00000| PB 0x0000000080a00000| Untracked 
|  11|0x0000000080b00000, 0x0000000080c00000, 0x0000000080c00000|100%|HS|  |TAMS 0x0000000080b00000| PB 0x0000000080b00000| Complete 
|  12|0x0000000080c00000, 0x0000000080d00000, 0x0000000080d00000|100%| O|  |TAMS 0x0000000080c00000| PB 0x0000000080c00000| Untracked 
|  13|0x0000000080d00000, 0x0000000080e00000, 0x0000000080e00000|100%| O|  |TAMS 0x0000000080d00000| PB 0x0000000080d00000| Untracked 
|  14|0x0000000080e00000, 0x0000000080f00000, 0x0000000080f00000|100%| O|  |TAMS 0x0000000080e00000| PB 0x0000000080e00000| Untracked 
|  15|0x0000000080f00000, 0x0000000081000000, 0x0000000081000000|100%| O|  |TAMS 0x0000000080f00000| PB 0x0000000080f00000| Untracked 
|  16|0x0000000081000000, 0x0000000081100000, 0x0000000081100000|100%| O|  |TAMS 0x0000000081000000| PB 0x0000000081000000| Untracked 
|  17|0x0000000081100000, 0x0000000081200000, 0x0000000081200000|100%| O|  |TAMS 0x0000000081100000| PB 0x0000000081100000| Untracked 
|  18|0x0000000081200000, 0x0000000081300000, 0x0000000081300000|100%| O|  |TAMS 0x0000000081200000| PB 0x0000000081200000| Untracked 
|  19|0x0000000081300000, 0x0000000081400000, 0x0000000081400000|100%| O|  |TAMS 0x0000000081300000| PB 0x0000000081300000| Untracked 
|  20|0x0000000081400000, 0x0000000081500000, 0x0000000081500000|100%| O|  |TAMS 0x0000000081400000| PB 0x0000000081400000| Untracked 
|  21|0x0000000081500000, 0x0000000081600000, 0x0000000081600000|100%| O|  |TAMS 0x0000000081500000| PB 0x0000000081500000| Untracked 
|  22|0x0000000081600000, 0x0000000081700000, 0x0000000081700000|100%| O|  |TAMS 0x0000000081600000| PB 0x0000000081600000| Untracked 
|  23|0x0000000081700000, 0x0000000081800000, 0x0000000081800000|100%| O|  |TAMS 0x0000000081700000| PB 0x0000000081700000| Untracked 
|  24|0x0000000081800000, 0x0000000081900000, 0x0000000081900000|100%| O|  |TAMS 0x0000000081800000| PB 0x0000000081800000| Untracked 
|  25|0x0000000081900000, 0x0000000081a00000, 0x0000000081a00000|100%| O|  |TAMS 0x0000000081900000| PB 0x0000000081900000| Untracked 
|  26|0x0000000081a00000, 0x0000000081b00000, 0x0000000081b00000|100%| O|  |TAMS 0x0000000081a00000| PB 0x0000000081a00000| Untracked 
|  27|0x0000000081b00000, 0x0000000081c00000, 0x0000000081c00000|100%| O|  |TAMS 0x0000000081b00000| PB 0x0000000081b00000| Untracked 
|  28|0x0000000081c00000, 0x0000000081d00000, 0x0000000081d00000|100%|HS|  |TAMS 0x0000000081c00000| PB 0x0000000081c00000| Complete 
|  29|0x0000000081d00000, 0x0000000081e00000, 0x0000000081e00000|100%|HC|  |TAMS 0x0000000081d00000| PB 0x0000000081d00000| Complete 
|  30|0x0000000081e00000, 0x0000000081f00000, 0x0000000081f00000|100%| O|  |TAMS 0x0000000081e00000| PB 0x0000000081e00000| Untracked 
|  31|0x0000000081f00000, 0x0000000082000000, 0x0000000082000000|100%| O|  |TAMS 0x0000000081f00000| PB 0x0000000081f00000| Untracked 
|  32|0x0000000082000000, 0x0000000082100000, 0x0000000082100000|100%| O|  |TAMS 0x0000000082000000| PB 0x0000000082000000| Untracked 
|  33|0x0000000082100000, 0x0000000082200000, 0x0000000082200000|100%| O|  |TAMS 0x0000000082100000| PB 0x0000000082100000| Untracked 
|  34|0x0000000082200000, 0x0000000082300000, 0x0000000082300000|100%| O|  |TAMS 0x0000000082200000| PB 0x0000000082200000| Untracked 
|  35|0x0000000082300000, 0x0000000082400000, 0x0000000082400000|100%| O|  |TAMS 0x0000000082300000| PB 0x0000000082300000| Untracked 
|  36|0x0000000082400000, 0x0000000082500000, 0x0000000082500000|100%| O|  |TAMS 0x0000000082400000| PB 0x0000000082400000| Untracked 
|  37|0x0000000082500000, 0x0000000082600000, 0x0000000082600000|100%| O|  |TAMS 0x0000000082500000| PB 0x0000000082500000| Untracked 
|  38|0x0000000082600000, 0x0000000082700000, 0x0000000082700000|100%| O|  |TAMS 0x0000000082600000| PB 0x0000000082600000| Untracked 
|  39|0x0000000082700000, 0x0000000082800000, 0x0000000082800000|100%| O|  |TAMS 0x0000000082700000| PB 0x0000000082700000| Untracked 
|  40|0x0000000082800000, 0x0000000082900000, 0x0000000082900000|100%| O|  |TAMS 0x0000000082800000| PB 0x0000000082800000| Untracked 
|  41|0x0000000082900000, 0x0000000082a00000, 0x0000000082a00000|100%| O|  |TAMS 0x0000000082900000| PB 0x0000000082900000| Untracked 
|  42|0x0000000082a00000, 0x0000000082b00000, 0x0000000082b00000|100%| O|  |TAMS 0x0000000082a00000| PB 0x0000000082a00000| Untracked 
|  43|0x0000000082b00000, 0x0000000082c00000, 0x0000000082c00000|100%| O|  |TAMS 0x0000000082b00000| PB 0x0000000082b00000| Untracked 
|  44|0x0000000082c00000, 0x0000000082d00000, 0x0000000082d00000|100%| O|  |TAMS 0x0000000082c00000| PB 0x0000000082c00000| Untracked 
|  45|0x0000000082d00000, 0x0000000082e00000, 0x0000000082e00000|100%| O|  |TAMS 0x0000000082d00000| PB 0x0000000082d00000| Untracked 
|  46|0x0000000082e00000, 0x0000000082f00000, 0x0000000082f00000|100%| O|  |TAMS 0x0000000082e00000| PB 0x0000000082e00000| Untracked 
|  47|0x0000000082f00000, 0x0000000083000000, 0x0000000083000000|100%| O|  |TAMS 0x0000000082f00000| PB 0x0000000082f00000| Untracked 
|  48|0x0000000083000000, 0x0000000083100000, 0x0000000083100000|100%| O|  |TAMS 0x0000000083000000| PB 0x0000000083000000| Untracked 
|  49|0x0000000083100000, 0x0000000083200000, 0x0000000083200000|100%|HS|  |TAMS 0x0000000083100000| PB 0x0000000083100000| Complete 
|  50|0x0000000083200000, 0x0000000083300000, 0x0000000083300000|100%|HS|  |TAMS 0x0000000083200000| PB 0x0000000083200000| Complete 
|  51|0x0000000083300000, 0x0000000083400000, 0x0000000083400000|100%| O|  |TAMS 0x0000000083300000| PB 0x0000000083300000| Untracked 
|  52|0x0000000083400000, 0x0000000083500000, 0x0000000083500000|100%|HS|  |TAMS 0x0000000083400000| PB 0x0000000083400000| Complete 
|  53|0x0000000083500000, 0x0000000083600000, 0x0000000083600000|100%|HC|  |TAMS 0x0000000083500000| PB 0x0000000083500000| Complete 
|  54|0x0000000083600000, 0x0000000083700000, 0x0000000083700000|100%|HC|  |TAMS 0x0000000083600000| PB 0x0000000083600000| Complete 
|  55|0x0000000083700000, 0x0000000083800000, 0x0000000083800000|100%|HS|  |TAMS 0x0000000083700000| PB 0x0000000083700000| Complete 
|  56|0x0000000083800000, 0x0000000083900000, 0x0000000083900000|100%|HC|  |TAMS 0x0000000083800000| PB 0x0000000083800000| Complete 
|  57|0x0000000083900000, 0x0000000083a00000, 0x0000000083a00000|100%|HC|  |TAMS 0x0000000083900000| PB 0x0000000083900000| Complete 
|  58|0x0000000083a00000, 0x0000000083b00000, 0x0000000083b00000|100%|HS|  |TAMS 0x0000000083a00000| PB 0x0000000083a00000| Complete 
|  59|0x0000000083b00000, 0x0000000083c00000, 0x0000000083c00000|100%|HS|  |TAMS 0x0000000083b00000| PB 0x0000000083b00000| Complete 
|  60|0x0000000083c00000, 0x0000000083d00000, 0x0000000083d00000|100%| O|  |TAMS 0x0000000083c00000| PB 0x0000000083c00000| Untracked 
|  61|0x0000000083d00000, 0x0000000083e00000, 0x0000000083e00000|100%|HS|  |TAMS 0x0000000083d00000| PB 0x0000000083d00000| Complete 
|  62|0x0000000083e00000, 0x0000000083f00000, 0x0000000083f00000|100%|HS|  |TAMS 0x0000000083e00000| PB 0x0000000083e00000| Complete 
|  63|0x0000000083f00000, 0x0000000084000000, 0x0000000084000000|100%| O|  |TAMS 0x0000000083f00000| PB 0x0000000083f00000| Untracked 
|  64|0x0000000084000000, 0x0000000084100000, 0x0000000084100000|100%| O|  |TAMS 0x0000000084000000| PB 0x0000000084000000| Untracked 
|  65|0x0000000084100000, 0x0000000084200000, 0x0000000084200000|100%| O|  |TAMS 0x0000000084100000| PB 0x0000000084100000| Untracked 
|  66|0x0000000084200000, 0x0000000084300000, 0x0000000084300000|100%| O|  |TAMS 0x0000000084200000| PB 0x0000000084200000| Untracked 
|  67|0x0000000084300000, 0x0000000084400000, 0x0000000084400000|100%| O|  |TAMS 0x0000000084300000| PB 0x0000000084300000| Untracked 
|  68|0x0000000084400000, 0x0000000084500000, 0x0000000084500000|100%| O|  |TAMS 0x0000000084400000| PB 0x0000000084400000| Untracked 
|  69|0x0000000084500000, 0x0000000084600000, 0x0000000084600000|100%| O|  |TAMS 0x0000000084500000| PB 0x0000000084500000| Untracked 
|  70|0x0000000084600000, 0x0000000084700000, 0x0000000084700000|100%| O|  |TAMS 0x0000000084600000| PB 0x0000000084600000| Untracked 
|  71|0x0000000084700000, 0x0000000084800000, 0x0000000084800000|100%| O|  |TAMS 0x0000000084700000| PB 0x0000000084700000| Untracked 
|  72|0x0000000084800000, 0x0000000084900000, 0x0000000084900000|100%| O|  |TAMS 0x0000000084800000| PB 0x0000000084800000| Untracked 
|  73|0x0000000084900000, 0x0000000084a00000, 0x0000000084a00000|100%| O|  |TAMS 0x0000000084900000| PB 0x0000000084900000| Untracked 
|  74|0x0000000084a00000, 0x0000000084b00000, 0x0000000084b00000|100%| O|  |TAMS 0x0000000084a00000| PB 0x0000000084a00000| Untracked 
|  75|0x0000000084b00000, 0x0000000084c00000, 0x0000000084c00000|100%| O|  |TAMS 0x0000000084b00000| PB 0x0000000084b00000| Untracked 
|  76|0x0000000084c00000, 0x0000000084d00000, 0x0000000084d00000|100%|HS|  |TAMS 0x0000000084c00000| PB 0x0000000084c00000| Complete 
|  77|0x0000000084d00000, 0x0000000084e00000, 0x0000000084e00000|100%| O|  |TAMS 0x0000000084d00000| PB 0x0000000084d00000| Untracked 
|  78|0x0000000084e00000, 0x0000000084f00000, 0x0000000084f00000|100%| O|  |TAMS 0x0000000084e00000| PB 0x0000000084e00000| Untracked 
|  79|0x0000000084f00000, 0x0000000085000000, 0x0000000085000000|100%| O|  |TAMS 0x0000000084f00000| PB 0x0000000084f00000| Untracked 
|  80|0x0000000085000000, 0x0000000085100000, 0x0000000085100000|100%| O|  |TAMS 0x0000000085000000| PB 0x0000000085000000| Untracked 
|  81|0x0000000085100000, 0x0000000085200000, 0x0000000085200000|100%| O|  |TAMS 0x0000000085100000| PB 0x0000000085100000| Untracked 
|  82|0x0000000085200000, 0x0000000085300000, 0x0000000085300000|100%| O|  |TAMS 0x0000000085200000| PB 0x0000000085200000| Untracked 
|  83|0x0000000085300000, 0x0000000085400000, 0x0000000085400000|100%| O|  |TAMS 0x0000000085300000| PB 0x0000000085300000| Untracked 
|  84|0x0000000085400000, 0x0000000085500000, 0x0000000085500000|100%| O|  |TAMS 0x0000000085400000| PB 0x0000000085400000| Untracked 
|  85|0x0000000085500000, 0x0000000085600000, 0x0000000085600000|100%| O|  |TAMS 0x0000000085500000| PB 0x0000000085500000| Untracked 
|  86|0x0000000085600000, 0x0000000085700000, 0x0000000085700000|100%| O|  |TAMS 0x0000000085600000| PB 0x0000000085600000| Untracked 
|  87|0x0000000085700000, 0x0000000085800000, 0x0000000085800000|100%| O|  |TAMS 0x0000000085700000| PB 0x0000000085700000| Untracked 
|  88|0x0000000085800000, 0x0000000085900000, 0x0000000085900000|100%| O|  |TAMS 0x0000000085800000| PB 0x0000000085800000| Untracked 
|  89|0x0000000085900000, 0x0000000085a00000, 0x0000000085a00000|100%| O|  |TAMS 0x0000000085900000| PB 0x0000000085900000| Untracked 
|  90|0x0000000085a00000, 0x0000000085b00000, 0x0000000085b00000|100%| O|  |TAMS 0x0000000085a00000| PB 0x0000000085a00000| Untracked 
|  91|0x0000000085b00000, 0x0000000085c00000, 0x0000000085c00000|100%| O|  |TAMS 0x0000000085b00000| PB 0x0000000085b00000| Untracked 
|  92|0x0000000085c00000, 0x0000000085d00000, 0x0000000085d00000|100%| O|  |TAMS 0x0000000085c00000| PB 0x0000000085c00000| Untracked 
|  93|0x0000000085d00000, 0x0000000085d00000, 0x0000000085e00000|  0%| F|  |TAMS 0x0000000085d00000| PB 0x0000000085d00000| Untracked 
|  94|0x0000000085e00000, 0x0000000085f00000, 0x0000000085f00000|100%| O|  |TAMS 0x0000000085e00000| PB 0x0000000085e00000| Untracked 
|  95|0x0000000085f00000, 0x0000000086000000, 0x0000000086000000|100%| O|  |TAMS 0x0000000085f00000| PB 0x0000000085f00000| Untracked 
|  96|0x0000000086000000, 0x0000000086100000, 0x0000000086100000|100%| O|  |TAMS 0x0000000086000000| PB 0x0000000086000000| Untracked 
|  97|0x0000000086100000, 0x0000000086200000, 0x0000000086200000|100%| O|  |TAMS 0x0000000086100000| PB 0x0000000086100000| Untracked 
|  98|0x0000000086200000, 0x0000000086300000, 0x0000000086300000|100%| O|  |TAMS 0x0000000086200000| PB 0x0000000086200000| Untracked 
|  99|0x0000000086300000, 0x0000000086400000, 0x0000000086400000|100%| O|  |TAMS 0x0000000086300000| PB 0x0000000086300000| Untracked 
| 100|0x0000000086400000, 0x0000000086500000, 0x0000000086500000|100%| O|  |TAMS 0x0000000086400000| PB 0x0000000086400000| Untracked 
| 101|0x0000000086500000, 0x0000000086600000, 0x0000000086600000|100%| O|  |TAMS 0x0000000086500000| PB 0x0000000086500000| Untracked 
| 102|0x0000000086600000, 0x0000000086700000, 0x0000000086700000|100%| O|  |TAMS 0x0000000086600000| PB 0x0000000086600000| Untracked 
| 103|0x0000000086700000, 0x0000000086800000, 0x0000000086800000|100%| O|  |TAMS 0x0000000086700000| PB 0x0000000086700000| Untracked 
| 104|0x0000000086800000, 0x0000000086900000, 0x0000000086900000|100%| O|  |TAMS 0x0000000086800000| PB 0x0000000086800000| Untracked 
| 105|0x0000000086900000, 0x0000000086a00000, 0x0000000086a00000|100%| O|  |TAMS 0x0000000086900000| PB 0x0000000086900000| Untracked 
| 106|0x0000000086a00000, 0x0000000086b00000, 0x0000000086b00000|100%| O|  |TAMS 0x0000000086a00000| PB 0x0000000086a00000| Untracked 
| 107|0x0000000086b00000, 0x0000000086c00000, 0x0000000086c00000|100%| O|  |TAMS 0x0000000086b00000| PB 0x0000000086b00000| Untracked 
| 108|0x0000000086c00000, 0x0000000086d00000, 0x0000000086d00000|100%| O|  |TAMS 0x0000000086c00000| PB 0x0000000086c00000| Untracked 
| 109|0x0000000086d00000, 0x0000000086e00000, 0x0000000086e00000|100%| O|  |TAMS 0x0000000086d00000| PB 0x0000000086d00000| Untracked 
| 110|0x0000000086e00000, 0x0000000086f00000, 0x0000000086f00000|100%| O|  |TAMS 0x0000000086e00000| PB 0x0000000086e00000| Untracked 
| 111|0x0000000086f00000, 0x0000000087000000, 0x0000000087000000|100%| O|  |TAMS 0x0000000086f00000| PB 0x0000000086f00000| Untracked 
| 112|0x0000000087000000, 0x0000000087100000, 0x0000000087100000|100%| O|  |TAMS 0x0000000087000000| PB 0x0000000087000000| Untracked 
| 113|0x0000000087100000, 0x0000000087200000, 0x0000000087200000|100%| O|  |TAMS 0x0000000087100000| PB 0x0000000087100000| Untracked 
| 114|0x0000000087200000, 0x0000000087300000, 0x0000000087300000|100%| O|  |TAMS 0x0000000087200000| PB 0x0000000087200000| Untracked 
| 115|0x0000000087300000, 0x0000000087400000, 0x0000000087400000|100%| O|  |TAMS 0x0000000087300000| PB 0x0000000087300000| Untracked 
| 116|0x0000000087400000, 0x0000000087500000, 0x0000000087500000|100%| O|  |TAMS 0x0000000087400000| PB 0x0000000087400000| Untracked 
| 117|0x0000000087500000, 0x0000000087600000, 0x0000000087600000|100%| O|  |TAMS 0x0000000087500000| PB 0x0000000087500000| Untracked 
| 118|0x0000000087600000, 0x0000000087700000, 0x0000000087700000|100%| O|  |TAMS 0x0000000087600000| PB 0x0000000087600000| Untracked 
| 119|0x0000000087700000, 0x0000000087800000, 0x0000000087800000|100%| O|  |TAMS 0x0000000087700000| PB 0x0000000087700000| Untracked 
| 120|0x0000000087800000, 0x0000000087900000, 0x0000000087900000|100%| O|  |TAMS 0x0000000087800000| PB 0x0000000087800000| Untracked 
| 121|0x0000000087900000, 0x00000000879d3f80, 0x0000000087a00000| 82%| O|  |TAMS 0x0000000087900000| PB 0x0000000087900000| Untracked 
| 122|0x0000000087a00000, 0x0000000087a00000, 0x0000000087b00000|  0%| F|  |TAMS 0x0000000087a00000| PB 0x0000000087a00000| Untracked 
| 123|0x0000000087b00000, 0x0000000087b00000, 0x0000000087c00000|  0%| F|  |TAMS 0x0000000087b00000| PB 0x0000000087b00000| Untracked 
| 124|0x0000000087c00000, 0x0000000087c00000, 0x0000000087d00000|  0%| F|  |TAMS 0x0000000087c00000| PB 0x0000000087c00000| Untracked 
| 125|0x0000000087d00000, 0x0000000087d00000, 0x0000000087e00000|  0%| F|  |TAMS 0x0000000087d00000| PB 0x0000000087d00000| Untracked 
| 126|0x0000000087e00000, 0x0000000087e00000, 0x0000000087f00000|  0%| F|  |TAMS 0x0000000087e00000| PB 0x0000000087e00000| Untracked 
| 127|0x0000000087f00000, 0x0000000087f00000, 0x0000000088000000|  0%| F|  |TAMS 0x0000000087f00000| PB 0x0000000087f00000| Untracked 
| 128|0x0000000088000000, 0x0000000088000000, 0x0000000088100000|  0%| F|  |TAMS 0x0000000088000000| PB 0x0000000088000000| Untracked 
| 129|0x0000000088100000, 0x0000000088100000, 0x0000000088200000|  0%| F|  |TAMS 0x0000000088100000| PB 0x0000000088100000| Untracked 
| 130|0x0000000088200000, 0x0000000088200000, 0x0000000088300000|  0%| F|  |TAMS 0x0000000088200000| PB 0x0000000088200000| Untracked 
| 131|0x0000000088300000, 0x0000000088300000, 0x0000000088400000|  0%| F|  |TAMS 0x0000000088300000| PB 0x0000000088300000| Untracked 
| 132|0x0000000088400000, 0x0000000088400000, 0x0000000088500000|  0%| F|  |TAMS 0x0000000088400000| PB 0x0000000088400000| Untracked 
| 133|0x0000000088500000, 0x0000000088513328, 0x0000000088600000|  7%| S|CS|TAMS 0x0000000088500000| PB 0x0000000088500000| Complete 
| 134|0x0000000088600000, 0x0000000088700000, 0x0000000088700000|100%| S|CS|TAMS 0x0000000088600000| PB 0x0000000088600000| Complete 
| 135|0x0000000088700000, 0x0000000088800000, 0x0000000088800000|100%| S|CS|TAMS 0x0000000088700000| PB 0x0000000088700000| Complete 
| 136|0x0000000088800000, 0x0000000088900000, 0x0000000088900000|100%| S|CS|TAMS 0x0000000088800000| PB 0x0000000088800000| Complete 
| 137|0x0000000088900000, 0x0000000088a00000, 0x0000000088a00000|100%| S|CS|TAMS 0x0000000088900000| PB 0x0000000088900000| Complete 
| 138|0x0000000088a00000, 0x0000000088b00000, 0x0000000088b00000|100%| S|CS|TAMS 0x0000000088a00000| PB 0x0000000088a00000| Complete 
| 139|0x0000000088b00000, 0x0000000088c00000, 0x0000000088c00000|100%| S|CS|TAMS 0x0000000088b00000| PB 0x0000000088b00000| Complete 
| 140|0x0000000088c00000, 0x0000000088c00000, 0x0000000088d00000|  0%| F|  |TAMS 0x0000000088c00000| PB 0x0000000088c00000| Untracked 
| 141|0x0000000088d00000, 0x0000000088d00000, 0x0000000088e00000|  0%| F|  |TAMS 0x0000000088d00000| PB 0x0000000088d00000| Untracked 
| 142|0x0000000088e00000, 0x0000000088e00000, 0x0000000088f00000|  0%| F|  |TAMS 0x0000000088e00000| PB 0x0000000088e00000| Untracked 
| 143|0x0000000088f00000, 0x0000000088f00000, 0x0000000089000000|  0%| F|  |TAMS 0x0000000088f00000| PB 0x0000000088f00000| Untracked 
| 144|0x0000000089000000, 0x0000000089000000, 0x0000000089100000|  0%| F|  |TAMS 0x0000000089000000| PB 0x0000000089000000| Untracked 
| 145|0x0000000089100000, 0x0000000089100000, 0x0000000089200000|  0%| F|  |TAMS 0x0000000089100000| PB 0x0000000089100000| Untracked 
| 146|0x0000000089200000, 0x0000000089200000, 0x0000000089300000|  0%| F|  |TAMS 0x0000000089200000| PB 0x0000000089200000| Untracked 
| 147|0x0000000089300000, 0x0000000089300000, 0x0000000089400000|  0%| F|  |TAMS 0x0000000089300000| PB 0x0000000089300000| Untracked 
| 148|0x0000000089400000, 0x0000000089400000, 0x0000000089500000|  0%| F|  |TAMS 0x0000000089400000| PB 0x0000000089400000| Untracked 
| 149|0x0000000089500000, 0x0000000089500000, 0x0000000089600000|  0%| F|  |TAMS 0x0000000089500000| PB 0x0000000089500000| Untracked 
| 150|0x0000000089600000, 0x0000000089600000, 0x0000000089700000|  0%| F|  |TAMS 0x0000000089600000| PB 0x0000000089600000| Untracked 
| 151|0x0000000089700000, 0x0000000089700000, 0x0000000089800000|  0%| F|  |TAMS 0x0000000089700000| PB 0x0000000089700000| Untracked 
| 152|0x0000000089800000, 0x0000000089800000, 0x0000000089900000|  0%| F|  |TAMS 0x0000000089800000| PB 0x0000000089800000| Untracked 
| 153|0x0000000089900000, 0x0000000089900000, 0x0000000089a00000|  0%| F|  |TAMS 0x0000000089900000| PB 0x0000000089900000| Untracked 
| 154|0x0000000089a00000, 0x0000000089a00000, 0x0000000089b00000|  0%| F|  |TAMS 0x0000000089a00000| PB 0x0000000089a00000| Untracked 
| 155|0x0000000089b00000, 0x0000000089b00000, 0x0000000089c00000|  0%| F|  |TAMS 0x0000000089b00000| PB 0x0000000089b00000| Untracked 
| 156|0x0000000089c00000, 0x0000000089c00000, 0x0000000089d00000|  0%| F|  |TAMS 0x0000000089c00000| PB 0x0000000089c00000| Untracked 
| 157|0x0000000089d00000, 0x0000000089d00000, 0x0000000089e00000|  0%| F|  |TAMS 0x0000000089d00000| PB 0x0000000089d00000| Untracked 
| 158|0x0000000089e00000, 0x0000000089e00000, 0x0000000089f00000|  0%| F|  |TAMS 0x0000000089e00000| PB 0x0000000089e00000| Untracked 
| 159|0x0000000089f00000, 0x0000000089f00000, 0x000000008a000000|  0%| F|  |TAMS 0x0000000089f00000| PB 0x0000000089f00000| Untracked 
| 160|0x000000008a000000, 0x000000008a000000, 0x000000008a100000|  0%| F|  |TAMS 0x000000008a000000| PB 0x000000008a000000| Untracked 
| 161|0x000000008a100000, 0x000000008a100000, 0x000000008a200000|  0%| F|  |TAMS 0x000000008a100000| PB 0x000000008a100000| Untracked 
| 162|0x000000008a200000, 0x000000008a200000, 0x000000008a300000|  0%| F|  |TAMS 0x000000008a200000| PB 0x000000008a200000| Untracked 
| 163|0x000000008a300000, 0x000000008a300000, 0x000000008a400000|  0%| F|  |TAMS 0x000000008a300000| PB 0x000000008a300000| Untracked 
| 164|0x000000008a400000, 0x000000008a400000, 0x000000008a500000|  0%| F|  |TAMS 0x000000008a400000| PB 0x000000008a400000| Untracked 
| 165|0x000000008a500000, 0x000000008a500000, 0x000000008a600000|  0%| F|  |TAMS 0x000000008a500000| PB 0x000000008a500000| Untracked 
| 166|0x000000008a600000, 0x000000008a600000, 0x000000008a700000|  0%| F|  |TAMS 0x000000008a600000| PB 0x000000008a600000| Untracked 
| 167|0x000000008a700000, 0x000000008a700000, 0x000000008a800000|  0%| F|  |TAMS 0x000000008a700000| PB 0x000000008a700000| Untracked 
| 168|0x000000008a800000, 0x000000008a800000, 0x000000008a900000|  0%| F|  |TAMS 0x000000008a800000| PB 0x000000008a800000| Untracked 
| 169|0x000000008a900000, 0x000000008a900000, 0x000000008aa00000|  0%| F|  |TAMS 0x000000008a900000| PB 0x000000008a900000| Untracked 
| 170|0x000000008aa00000, 0x000000008aa00000, 0x000000008ab00000|  0%| F|  |TAMS 0x000000008aa00000| PB 0x000000008aa00000| Untracked 
| 171|0x000000008ab00000, 0x000000008ab00000, 0x000000008ac00000|  0%| F|  |TAMS 0x000000008ab00000| PB 0x000000008ab00000| Untracked 
| 172|0x000000008ac00000, 0x000000008ac00000, 0x000000008ad00000|  0%| F|  |TAMS 0x000000008ac00000| PB 0x000000008ac00000| Untracked 
| 173|0x000000008ad00000, 0x000000008ad00000, 0x000000008ae00000|  0%| F|  |TAMS 0x000000008ad00000| PB 0x000000008ad00000| Untracked 
| 174|0x000000008ae00000, 0x000000008ae00000, 0x000000008af00000|  0%| F|  |TAMS 0x000000008ae00000| PB 0x000000008ae00000| Untracked 
| 175|0x000000008af00000, 0x000000008af00000, 0x000000008b000000|  0%| F|  |TAMS 0x000000008af00000| PB 0x000000008af00000| Untracked 
| 176|0x000000008b000000, 0x000000008b000000, 0x000000008b100000|  0%| F|  |TAMS 0x000000008b000000| PB 0x000000008b000000| Untracked 
| 177|0x000000008b100000, 0x000000008b100000, 0x000000008b200000|  0%| F|  |TAMS 0x000000008b100000| PB 0x000000008b100000| Untracked 
| 178|0x000000008b200000, 0x000000008b200000, 0x000000008b300000|  0%| F|  |TAMS 0x000000008b200000| PB 0x000000008b200000| Untracked 
| 179|0x000000008b300000, 0x000000008b300000, 0x000000008b400000|  0%| F|  |TAMS 0x000000008b300000| PB 0x000000008b300000| Untracked 
| 180|0x000000008b400000, 0x000000008b400000, 0x000000008b500000|  0%| F|  |TAMS 0x000000008b400000| PB 0x000000008b400000| Untracked 
| 181|0x000000008b500000, 0x000000008b500000, 0x000000008b600000|  0%| F|  |TAMS 0x000000008b500000| PB 0x000000008b500000| Untracked 
| 182|0x000000008b600000, 0x000000008b600000, 0x000000008b700000|  0%| F|  |TAMS 0x000000008b600000| PB 0x000000008b600000| Untracked 
| 183|0x000000008b700000, 0x000000008b700000, 0x000000008b800000|  0%| F|  |TAMS 0x000000008b700000| PB 0x000000008b700000| Untracked 
| 184|0x000000008b800000, 0x000000008b800000, 0x000000008b900000|  0%| F|  |TAMS 0x000000008b800000| PB 0x000000008b800000| Untracked 
| 185|0x000000008b900000, 0x000000008b900000, 0x000000008ba00000|  0%| F|  |TAMS 0x000000008b900000| PB 0x000000008b900000| Untracked 
| 186|0x000000008ba00000, 0x000000008ba00000, 0x000000008bb00000|  0%| F|  |TAMS 0x000000008ba00000| PB 0x000000008ba00000| Untracked 
| 187|0x000000008bb00000, 0x000000008bb00000, 0x000000008bc00000|  0%| F|  |TAMS 0x000000008bb00000| PB 0x000000008bb00000| Untracked 
| 188|0x000000008bc00000, 0x000000008bc00000, 0x000000008bd00000|  0%| F|  |TAMS 0x000000008bc00000| PB 0x000000008bc00000| Untracked 
| 189|0x000000008bd00000, 0x000000008bd00000, 0x000000008be00000|  0%| F|  |TAMS 0x000000008bd00000| PB 0x000000008bd00000| Untracked 
| 190|0x000000008be00000, 0x000000008be00000, 0x000000008bf00000|  0%| F|  |TAMS 0x000000008be00000| PB 0x000000008be00000| Untracked 
| 253|0x000000008fd00000, 0x000000008fd00000, 0x000000008fe00000|  0%| F|  |TAMS 0x000000008fd00000| PB 0x000000008fd00000| Untracked 
| 254|0x000000008fe00000, 0x000000008fe00000, 0x000000008ff00000|  0%| F|  |TAMS 0x000000008fe00000| PB 0x000000008fe00000| Untracked 
| 255|0x000000008ff00000, 0x000000008ff00000, 0x0000000090000000|  0%| F|  |TAMS 0x000000008ff00000| PB 0x000000008ff00000| Untracked 
| 256|0x0000000090000000, 0x0000000090000000, 0x0000000090100000|  0%| F|  |TAMS 0x0000000090000000| PB 0x0000000090000000| Untracked 
| 257|0x0000000090100000, 0x0000000090100000, 0x0000000090200000|  0%| F|  |TAMS 0x0000000090100000| PB 0x0000000090100000| Untracked 
| 258|0x0000000090200000, 0x0000000090200000, 0x0000000090300000|  0%| F|  |TAMS 0x0000000090200000| PB 0x0000000090200000| Untracked 
| 259|0x0000000090300000, 0x0000000090300000, 0x0000000090400000|  0%| F|  |TAMS 0x0000000090300000| PB 0x0000000090300000| Untracked 
| 457|0x000000009c900000, 0x000000009c93baf0, 0x000000009ca00000| 23%| E|  |TAMS 0x000000009c900000| PB 0x000000009c900000| Complete 
| 509|0x000000009fd00000, 0x000000009fe00000, 0x000000009fe00000|100%| E|  |TAMS 0x000000009fd00000| PB 0x000000009fd00000| Complete 
|2036|0x00000000ff400000, 0x00000000ff500000, 0x00000000ff500000|100%| E|CS|TAMS 0x00000000ff400000| PB 0x00000000ff400000| Complete 
|2037|0x00000000ff500000, 0x00000000ff600000, 0x00000000ff600000|100%| E|CS|TAMS 0x00000000ff500000| PB 0x00000000ff500000| Complete 
|2038|0x00000000ff600000, 0x00000000ff700000, 0x00000000ff700000|100%| O|  |TAMS 0x00000000ff600000| PB 0x00000000ff600000| Untracked 
|2039|0x00000000ff700000, 0x00000000ff800000, 0x00000000ff800000|100%| O|  |TAMS 0x00000000ff700000| PB 0x00000000ff700000| Untracked 
|2040|0x00000000ff800000, 0x00000000ff900000, 0x00000000ff900000|100%| O|  |TAMS 0x00000000ff800000| PB 0x00000000ff800000| Untracked 
|2041|0x00000000ff900000, 0x00000000ffa00000, 0x00000000ffa00000|100%| E|CS|TAMS 0x00000000ff900000| PB 0x00000000ff900000| Complete 
|2042|0x00000000ffa00000, 0x00000000ffb00000, 0x00000000ffb00000|100%| O|  |TAMS 0x00000000ffa00000| PB 0x00000000ffa00000| Untracked 
|2043|0x00000000ffb00000, 0x00000000ffc00000, 0x00000000ffc00000|100%| O|  |TAMS 0x00000000ffb00000| PB 0x00000000ffb00000| Untracked 
|2044|0x00000000ffc00000, 0x00000000ffd00000, 0x00000000ffd00000|100%| E|CS|TAMS 0x00000000ffc00000| PB 0x00000000ffc00000| Complete 
|2045|0x00000000ffd00000, 0x00000000ffe00000, 0x00000000ffe00000|100%| E|CS|TAMS 0x00000000ffd00000| PB 0x00000000ffd00000| Complete 
|2046|0x00000000ffe00000, 0x00000000fff00000, 0x00000000fff00000|100%| E|CS|TAMS 0x00000000ffe00000| PB 0x00000000ffe00000| Complete 
|2047|0x00000000fff00000, 0x0000000100000000, 0x0000000100000000|100%| E|CS|TAMS 0x00000000fff00000| PB 0x00000000fff00000| Complete 

Card table byte_map: [0x000001d474330000,0x000001d474730000] _byte_map_base: 0x000001d473f30000

Marking Bits: (CMBitMap*) 0x000001d4615a6920
 Bits: [0x000001d474730000, 0x000001d476730000)

Polling page: 0x000001d460d10000

Metaspace:

Usage:
  Non-class:    105.76 MB used.
      Class:     17.12 MB used.
       Both:    122.88 MB used.

Virtual space:
  Non-class space:      128.00 MB reserved,     106.94 MB ( 84%) committed,  2 nodes.
      Class space:        1.00 GB reserved,      18.19 MB (  2%) committed,  1 nodes.
             Both:        1.12 GB reserved,     125.12 MB ( 11%) committed. 

Chunk freelists:
   Non-Class:  4.38 MB
       Class:  13.63 MB
        Both:  18.01 MB

MaxMetaspaceSize: unlimited
CompressedClassSpaceSize: 1.00 GB
Initial GC threshold: 21.00 MB
Current GC threshold: 204.31 MB
CDS: off
 - commit_granule_bytes: 65536.
 - commit_granule_words: 8192.
 - virtual_space_node_default_size: 8388608.
 - enlarge_chunks_in_place: 1.
 - use_allocation_guard: 0.


Internal statistics:

num_allocs_failed_limit: 9.
num_arena_births: 4620.
num_arena_deaths: 0.
num_vsnodes_births: 3.
num_vsnodes_deaths: 0.
num_space_committed: 2001.
num_space_uncommitted: 0.
num_chunks_returned_to_freelist: 9.
num_chunks_taken_from_freelist: 10030.
num_chunk_merges: 9.
num_chunk_splits: 6621.
num_chunks_enlarged: 4197.
num_inconsistent_stats: 0.

CodeHeap 'non-profiled nmethods': size=119168Kb used=8793Kb max_used=8793Kb free=110374Kb
 bounds [0x000001d46c250000, 0x000001d46caf0000, 0x000001d4736b0000]
CodeHeap 'profiled nmethods': size=119104Kb used=25177Kb max_used=25177Kb free=93926Kb
 bounds [0x000001d4646b0000, 0x000001d465f50000, 0x000001d46bb00000]
CodeHeap 'non-nmethods': size=7488Kb used=3746Kb max_used=3781Kb free=3742Kb
 bounds [0x000001d46bb00000, 0x000001d46bec0000, 0x000001d46c250000]
CodeCache: size=245760Kb, used=37716Kb, max_used=37751Kb, free=208042Kb
 total_blobs=14261, nmethods=13353, adapters=806, full_count=0
Compilation: enabled, stopped_count=0, restarted_count=0

Compilation events (20 events):
Event: 12.625 Thread 0x000001d479a27180 nmethod 15708 0x000001d46cae3610 code [0x000001d46cae3880, 0x000001d46cae4118]
Event: 12.626 Thread 0x000001d479a27180 15712       4       org.gradle.internal.snapshot.MerkleDirectorySnapshotBuilder::visitLeafElement (6 bytes)
Event: 12.627 Thread 0x000001d47e4ff4f0 nmethod 15711 0x000001d46cae4910 code [0x000001d46cae4ac0, 0x000001d46cae4dd0]
Event: 12.629 Thread 0x000001d479a27180 nmethod 15712 0x000001d46cae5090 code [0x000001d46cae5260, 0x000001d46cae56e0]
Event: 12.635 Thread 0x000001d47e1d2710 15713       3       sun.nio.fs.NativeBuffer::free (10 bytes)
Event: 12.635 Thread 0x000001d479a2b530 15714       3       sun.nio.fs.NativeBuffer$Deallocator::run (11 bytes)
Event: 12.635 Thread 0x000001d47e1d2710 nmethod 15713 0x000001d465f42890 code [0x000001d465f42a80, 0x000001d465f42e60]
Event: 12.635 Thread 0x000001d479a2b530 nmethod 15714 0x000001d465f43010 code [0x000001d465f431e0, 0x000001d465f43500]
Event: 12.655 Thread 0x000001d479a2b530 15715       3       com.google.common.collect.MapMakerInternalMap$Segment::getEntry (80 bytes)
Event: 12.656 Thread 0x000001d479a2b530 nmethod 15715 0x000001d465f43690 code [0x000001d465f43960, 0x000001d465f44930]
Event: 12.676 Thread 0x000001d479a2b530 15716       3       org.gradle.internal.snapshot.AbstractIncompleteFileSystemNode::anyChildMatches (23 bytes)
Event: 12.676 Thread 0x000001d47e1d2710 15717       3       org.gradle.internal.snapshot.AbstractIncompleteFileSystemNode$$Lambda/0x00000001006e5bf0::apply (8 bytes)
Event: 12.677 Thread 0x000001d47e1d2710 nmethod 15717 0x000001d465f44e10 code [0x000001d465f44fc0, 0x000001d465f451e0]
Event: 12.677 Thread 0x000001d479a2b530 nmethod 15716 0x000001d465f45310 code [0x000001d465f45520, 0x000001d465f45be8]
Event: 12.677 Thread 0x000001d479a27180 15718       4       sun.nio.ch.Util$BufferCache::offerFirst (73 bytes)
Event: 12.678 Thread 0x000001d47e4ff4f0 15719       4       org.gradle.internal.snapshot.FileSystemLocationSnapshot$FileSystemLocationSnapshotVisitor::visitDirectory (1 bytes)
Event: 12.678 Thread 0x000001d47e4ff4f0 nmethod 15719 0x000001d46cae5990 code [0x000001d46cae5b20, 0x000001d46cae5ba8]
Event: 12.679 Thread 0x000001d479a27180 nmethod 15718 0x000001d46cae5c90 code [0x000001d46cae5e20, 0x000001d46cae6058]
Event: 12.682 Thread 0x000001d479a27180 15720       4       java.util.stream.ForEachOps$ForEachOp$OfRef::accept (11 bytes)
Event: 12.682 Thread 0x000001d479a27180 nmethod 15720 0x000001d46cae6190 code [0x000001d46cae6320, 0x000001d46cae63d0]

GC Heap History (20 events):
Event: 8.550 GC heap before
{Heap before GC invocations=28 (full 0):
 garbage-first heap   total 163840K, used 150255K [0x0000000080000000, 0x0000000100000000)
  region size 1024K, 59 young (60416K), 8 survivors (8192K)
 Metaspace       used 103541K, committed 105664K, reserved 1179648K
  class space    used 14309K, committed 15360K, reserved 1048576K
}
Event: 8.553 GC heap after
{Heap after GC invocations=29 (full 0):
 garbage-first heap   total 163840K, used 100101K [0x0000000080000000, 0x0000000100000000)
  region size 1024K, 3 young (3072K), 3 survivors (3072K)
 Metaspace       used 103541K, committed 105664K, reserved 1179648K
  class space    used 14309K, committed 15360K, reserved 1048576K
}
Event: 8.987 GC heap before
{Heap before GC invocations=29 (full 0):
 garbage-first heap   total 163840K, used 151301K [0x0000000080000000, 0x0000000100000000)
  region size 1024K, 53 young (54272K), 3 survivors (3072K)
 Metaspace       used 106999K, committed 109184K, reserved 1179648K
  class space    used 14951K, committed 16000K, reserved 1048576K
}
Event: 8.989 GC heap after
{Heap after GC invocations=30 (full 0):
 garbage-first heap   total 163840K, used 100415K [0x0000000080000000, 0x0000000100000000)
  region size 1024K, 4 young (4096K), 4 survivors (4096K)
 Metaspace       used 106999K, committed 109184K, reserved 1179648K
  class space    used 14951K, committed 16000K, reserved 1048576K
}
Event: 9.454 GC heap before
{Heap before GC invocations=31 (full 0):
 garbage-first heap   total 168960K, used 152639K [0x0000000080000000, 0x0000000100000000)
  region size 1024K, 55 young (56320K), 4 survivors (4096K)
 Metaspace       used 109956K, committed 112192K, reserved 1179648K
  class space    used 15438K, committed 16512K, reserved 1048576K
}
Event: 9.456 GC heap after
{Heap after GC invocations=32 (full 0):
 garbage-first heap   total 168960K, used 102716K [0x0000000080000000, 0x0000000100000000)
  region size 1024K, 6 young (6144K), 6 survivors (6144K)
 Metaspace       used 109956K, committed 112192K, reserved 1179648K
  class space    used 15438K, committed 16512K, reserved 1048576K
}
Event: 9.960 GC heap before
{Heap before GC invocations=32 (full 0):
 garbage-first heap   total 168960K, used 158012K [0x0000000080000000, 0x0000000100000000)
  region size 1024K, 60 young (61440K), 6 survivors (6144K)
 Metaspace       used 113845K, committed 116160K, reserved 1179648K
  class space    used 16022K, committed 17152K, reserved 1048576K
}
Event: 9.963 GC heap after
{Heap after GC invocations=33 (full 0):
 garbage-first heap   total 168960K, used 104151K [0x0000000080000000, 0x0000000100000000)
  region size 1024K, 7 young (7168K), 7 survivors (7168K)
 Metaspace       used 113845K, committed 116160K, reserved 1179648K
  class space    used 16022K, committed 17152K, reserved 1048576K
}
Event: 10.300 GC heap before
{Heap before GC invocations=33 (full 0):
 garbage-first heap   total 168960K, used 158423K [0x0000000080000000, 0x0000000100000000)
  region size 1024K, 60 young (61440K), 7 survivors (7168K)
 Metaspace       used 118537K, committed 120832K, reserved 1179648K
  class space    used 16670K, committed 17792K, reserved 1048576K
}
Event: 10.304 GC heap after
{Heap after GC invocations=34 (full 0):
 garbage-first heap   total 168960K, used 106708K [0x0000000080000000, 0x0000000100000000)
  region size 1024K, 6 young (6144K), 6 survivors (6144K)
 Metaspace       used 118537K, committed 120832K, reserved 1179648K
  class space    used 16670K, committed 17792K, reserved 1048576K
}
Event: 10.659 GC heap before
{Heap before GC invocations=35 (full 0):
 garbage-first heap   total 179200K, used 157908K [0x0000000080000000, 0x0000000100000000)
  region size 1024K, 56 young (57344K), 6 survivors (6144K)
 Metaspace       used 120621K, committed 122944K, reserved 1179648K
  class space    used 16980K, committed 18112K, reserved 1048576K
}
Event: 10.662 GC heap after
{Heap after GC invocations=36 (full 0):
 garbage-first heap   total 179200K, used 111605K [0x0000000080000000, 0x0000000100000000)
  region size 1024K, 7 young (7168K), 7 survivors (7168K)
 Metaspace       used 120621K, committed 122944K, reserved 1179648K
  class space    used 16980K, committed 18112K, reserved 1048576K
}
Event: 10.925 GC heap before
{Heap before GC invocations=36 (full 0):
 garbage-first heap   total 179200K, used 166901K [0x0000000080000000, 0x0000000100000000)
  region size 1024K, 62 young (63488K), 7 survivors (7168K)
 Metaspace       used 121819K, committed 124160K, reserved 1179648K
  class space    used 17051K, committed 18176K, reserved 1048576K
}
Event: 10.933 GC heap after
{Heap after GC invocations=37 (full 0):
 garbage-first heap   total 188416K, used 122345K [0x0000000080000000, 0x0000000100000000)
  region size 1024K, 8 young (8192K), 8 survivors (8192K)
 Metaspace       used 121819K, committed 124160K, reserved 1179648K
  class space    used 17051K, committed 18176K, reserved 1048576K
}
Event: 11.004 GC heap before
{Heap before GC invocations=37 (full 0):
 garbage-first heap   total 188416K, used 126441K [0x0000000080000000, 0x0000000100000000)
  region size 1024K, 14 young (14336K), 8 survivors (8192K)
 Metaspace       used 122203K, committed 124544K, reserved 1179648K
  class space    used 17084K, committed 18240K, reserved 1048576K
}
Event: 11.006 GC heap after
{Heap after GC invocations=38 (full 0):
 garbage-first heap   total 188416K, used 124906K [0x0000000080000000, 0x0000000100000000)
  region size 1024K, 2 young (2048K), 2 survivors (2048K)
 Metaspace       used 122203K, committed 124544K, reserved 1179648K
  class space    used 17084K, committed 18240K, reserved 1048576K
}
Event: 11.923 GC heap before
{Heap before GC invocations=39 (full 0):
 garbage-first heap   total 217088K, used 172010K [0x0000000080000000, 0x0000000100000000)
  region size 1024K, 44 young (45056K), 2 survivors (2048K)
 Metaspace       used 125692K, committed 128000K, reserved 1179648K
  class space    used 17517K, committed 18624K, reserved 1048576K
}
Event: 11.930 GC heap after
{Heap after GC invocations=40 (full 0):
 garbage-first heap   total 217088K, used 129860K [0x0000000080000000, 0x0000000100000000)
  region size 1024K, 6 young (6144K), 6 survivors (6144K)
 Metaspace       used 125692K, committed 128000K, reserved 1179648K
  class space    used 17517K, committed 18624K, reserved 1048576K
}
Event: 12.635 GC heap before
{Heap before GC invocations=40 (full 0):
 garbage-first heap   total 217088K, used 189252K [0x0000000080000000, 0x0000000100000000)
  region size 1024K, 65 young (66560K), 6 survivors (6144K)
 Metaspace       used 125828K, committed 128128K, reserved 1179648K
  class space    used 17526K, committed 18624K, reserved 1048576K
}
Event: 12.646 GC heap after
{Heap after GC invocations=41 (full 0):
 garbage-first heap   total 217088K, used 135068K [0x0000000080000000, 0x0000000100000000)
  region size 1024K, 7 young (7168K), 7 survivors (7168K)
 Metaspace       used 125828K, committed 128128K, reserved 1179648K
  class space    used 17526K, committed 18624K, reserved 1048576K
}

Dll operation events (3 events):
Event: 0.004 Loaded shared library C:\Program Files\Android\Android Studio\jbr\bin\java.dll
Event: 0.008 Loaded shared library C:\Program Files\Android\Android Studio\jbr\bin\zip.dll
Event: 0.300 Loaded shared library C:\Program Files\Android\Android Studio\jbr\bin\verify.dll

Deoptimization events (20 events):
Event: 12.525 Thread 0x000001d402072d70 Uncommon trap: trap_request=0xffffff45 fr.pc=0x000001d46c716a9c relative=0x000000000000139c
Event: 12.525 Thread 0x000001d402072d70 Uncommon trap: reason=unstable_if action=reinterpret pc=0x000001d46c716a9c method=com.google.common.collect.MapMakerInternalMap$Segment.put(Ljava/lang/Object;ILjava/lang/Object;Z)Ljava/lang/Object; @ 92 c2
Event: 12.525 Thread 0x000001d402072d70 DEOPT PACKING pc=0x000001d46c716a9c sp=0x000000bec1efc900
Event: 12.525 Thread 0x000001d402072d70 DEOPT UNPACKING pc=0x000001d46bb543a2 sp=0x000000bec1efc7b0 mode 2
Event: 12.654 Thread 0x000001d40206deb0 Uncommon trap: trap_request=0xffffff45 fr.pc=0x000001d46c70f2a4 relative=0x0000000000000424
Event: 12.654 Thread 0x000001d40206deb0 Uncommon trap: reason=unstable_if action=reinterpret pc=0x000001d46c70f2a4 method=com.google.common.collect.MapMakerInternalMap$Segment.getEntry(Ljava/lang/Object;I)Lcom/google/common/collect/MapMakerInternalMap$InternalEntry; @ 40 c2
Event: 12.654 Thread 0x000001d40206deb0 DEOPT PACKING pc=0x000001d46c70f2a4 sp=0x000000bec23fccb0
Event: 12.654 Thread 0x000001d40206deb0 DEOPT UNPACKING pc=0x000001d46bb543a2 sp=0x000000bec23fcc68 mode 2
Event: 12.659 Thread 0x000001d402074e40 Uncommon trap: trap_request=0xffffff45 fr.pc=0x000001d46c5cac80 relative=0x0000000000000140
Event: 12.659 Thread 0x000001d402074e40 Uncommon trap: reason=unstable_if action=reinterpret pc=0x000001d46c5cac80 method=com.google.common.util.concurrent.AbstractFutureState.blockingGet()Ljava/lang/Object; @ 20 c2
Event: 12.659 Thread 0x000001d402074e40 DEOPT PACKING pc=0x000001d46c5cac80 sp=0x000000bec22fc9a0
Event: 12.659 Thread 0x000001d402074e40 DEOPT UNPACKING pc=0x000001d46bb543a2 sp=0x000000bec22fc7a0 mode 2
Event: 12.660 Thread 0x000001d406819140 Uncommon trap: trap_request=0xffffff45 fr.pc=0x000001d46c8aad84 relative=0x00000000000009c4
Event: 12.660 Thread 0x000001d406819140 Uncommon trap: reason=unstable_if action=reinterpret pc=0x000001d46c8aad84 method=com.google.common.util.concurrent.AbstractFutureState.releaseWaiters()V @ 11 c2
Event: 12.660 Thread 0x000001d406819140 DEOPT PACKING pc=0x000001d46c8aad84 sp=0x000000bec3af95e0
Event: 12.660 Thread 0x000001d406819140 DEOPT UNPACKING pc=0x000001d46bb543a2 sp=0x000000bec3af92d8 mode 2
Event: 12.662 Thread 0x000001d406819140 Uncommon trap: trap_request=0xffffff45 fr.pc=0x000001d46c779fc8 relative=0x0000000000000308
Event: 12.662 Thread 0x000001d406819140 Uncommon trap: reason=unstable_if action=reinterpret pc=0x000001d46c779fc8 method=com.google.common.util.concurrent.AbstractFutureState.releaseWaiters()V @ 11 c2
Event: 12.662 Thread 0x000001d406819140 DEOPT PACKING pc=0x000001d46c779fc8 sp=0x000000bec3af9450
Event: 12.662 Thread 0x000001d406819140 DEOPT UNPACKING pc=0x000001d46bb543a2 sp=0x000000bec3af92f0 mode 2

Classes loaded (20 events):
Event: 11.044 Loading class java/util/concurrent/ConcurrentLinkedQueue$Itr
Event: 11.044 Loading class java/util/concurrent/ConcurrentLinkedQueue$Itr done
Event: 11.200 Loading class java/time/Clock
Event: 11.200 Loading class java/time/InstantSource
Event: 11.200 Loading class java/time/InstantSource done
Event: 11.200 Loading class java/time/Clock done
Event: 11.200 Loading class java/time/Clock$SystemClock
Event: 11.200 Loading class java/time/Clock$SystemClock done
Event: 11.236 Loading class java/time/Instant$1
Event: 11.236 Loading class java/time/Instant$1 done
Event: 11.287 Loading class java/util/concurrent/ConcurrentSkipListMap$KeySet
Event: 11.287 Loading class java/util/concurrent/ConcurrentSkipListMap$KeySet done
Event: 11.288 Loading class java/util/concurrent/ConcurrentSkipListMap$KeyIterator
Event: 11.288 Loading class java/util/concurrent/ConcurrentSkipListMap$KeyIterator done
Event: 11.430 Loading class java/io/CharArrayWriter
Event: 11.430 Loading class java/io/CharArrayWriter done
Event: 11.434 Loading class java/io/SequenceInputStream
Event: 11.434 Loading class java/io/SequenceInputStream done
Event: 11.444 Loading class java/util/function/IntUnaryOperator
Event: 11.444 Loading class java/util/function/IntUnaryOperator done

Classes unloaded (0 events):
No events

Classes redefined (0 events):
No events

Internal exceptions (20 events):
Event: 12.621 Thread 0x000001d40206ff80 Exception <a 'sun/nio/fs/WindowsException'{0x0000000088c18db0}> (0x0000000088c18db0) 
thrown [s\src\hotspot\share\prims\jni.cpp, line 537]
Event: 12.633 Thread 0x000001d40206deb0 Exception <a 'sun/nio/fs/WindowsException'{0x0000000088cb6a60}> (0x0000000088cb6a60) 
thrown [s\src\hotspot\share\prims\jni.cpp, line 537]
Event: 12.653 Thread 0x000001d402071330 Exception <a 'sun/nio/fs/WindowsException'{0x00000000fffadc28}> (0x00000000fffadc28) 
thrown [s\src\hotspot\share\prims\jni.cpp, line 537]
Event: 12.658 Thread 0x000001d406819140 Exception <a 'sun/nio/fs/WindowsException'{0x00000000fff56750}> (0x00000000fff56750) 
thrown [s\src\hotspot\share\prims\jni.cpp, line 537]
Event: 12.658 Thread 0x000001d40206deb0 Exception <a 'sun/nio/fs/WindowsException'{0x00000000ffe48940}> (0x00000000ffe48940) 
thrown [s\src\hotspot\share\prims\jni.cpp, line 537]
Event: 12.659 Thread 0x000001d402074e40 Implicit null exception at 0x000001d46c5cab85 to 0x000001d46c5cac70
Event: 12.660 Thread 0x000001d40206ff80 Exception <a 'sun/nio/fs/WindowsException'{0x00000000fffea378}> (0x00000000fffea378) 
thrown [s\src\hotspot\share\prims\jni.cpp, line 537]
Event: 12.661 Thread 0x000001d402071330 Exception <a 'sun/nio/fs/WindowsException'{0x00000000ffe7fc48}> (0x00000000ffe7fc48) 
thrown [s\src\hotspot\share\prims\jni.cpp, line 537]
Event: 12.662 Thread 0x000001d402072050 Exception <a 'sun/nio/fs/WindowsException'{0x00000000ffeed070}> (0x00000000ffeed070) 
thrown [s\src\hotspot\share\prims\jni.cpp, line 537]
Event: 12.666 Thread 0x000001d406819140 Exception <a 'sun/nio/fs/WindowsException'{0x00000000fff6e008}> (0x00000000fff6e008) 
thrown [s\src\hotspot\share\prims\jni.cpp, line 537]
Event: 12.666 Thread 0x000001d40206deb0 Exception <a 'sun/nio/fs/WindowsException'{0x00000000ffd72180}> (0x00000000ffd72180) 
thrown [s\src\hotspot\share\prims\jni.cpp, line 537]
Event: 12.667 Thread 0x000001d402071330 Exception <a 'sun/nio/fs/WindowsException'{0x00000000ffdf88a8}> (0x00000000ffdf88a8) 
thrown [s\src\hotspot\share\prims\jni.cpp, line 537]
Event: 12.669 Thread 0x000001d402072d70 Exception <a 'sun/nio/fs/WindowsException'{0x00000000ffd6bfd8}> (0x00000000ffd6bfd8) 
thrown [s\src\hotspot\share\prims\jni.cpp, line 537]
Event: 12.669 Thread 0x000001d40503a7c0 Exception <a 'sun/nio/fs/WindowsException'{0x00000000ffc216f0}> (0x00000000ffc216f0) 
thrown [s\src\hotspot\share\prims\jni.cpp, line 537]
Event: 12.673 Thread 0x000001d4020747b0 Exception <a 'sun/nio/fs/WindowsException'{0x00000000fffdf000}> (0x00000000fffdf000) 
thrown [s\src\hotspot\share\prims\jni.cpp, line 537]
Event: 12.674 Thread 0x000001d402074e40 Exception <a 'sun/nio/fs/WindowsException'{0x00000000ffca7ba8}> (0x00000000ffca7ba8) 
thrown [s\src\hotspot\share\prims\jni.cpp, line 537]
Event: 12.674 Thread 0x000001d406819140 Exception <a 'sun/nio/fs/WindowsException'{0x00000000fff891c8}> (0x00000000fff891c8) 
thrown [s\src\hotspot\share\prims\jni.cpp, line 537]
Event: 12.677 Thread 0x000001d402073a90 Exception <a 'sun/nio/fs/WindowsException'{0x00000000ff9612f0}> (0x00000000ff9612f0) 
thrown [s\src\hotspot\share\prims\jni.cpp, line 537]
Event: 12.678 Thread 0x000001d40206ff80 Exception <a 'sun/nio/fs/WindowsException'{0x00000000ff976038}> (0x00000000ff976038) 
thrown [s\src\hotspot\share\prims\jni.cpp, line 537]
Event: 12.680 Thread 0x000001d402070610 Exception <a 'sun/nio/fs/WindowsException'{0x00000000ff9f5478}> (0x00000000ff9f5478) 
thrown [s\src\hotspot\share\prims\jni.cpp, line 537]

ZGC Phase Switch (0 events):
No events

VM Operations (20 events):
Event: 11.250 Executing non-safepoint VM operation: HandshakeAllThreads (Deoptimize)
Event: 11.250 Executing non-safepoint VM operation: HandshakeAllThreads (Deoptimize) done
Event: 11.289 Executing non-safepoint VM operation: HandshakeAllThreads (Deoptimize)
Event: 11.289 Executing non-safepoint VM operation: HandshakeAllThreads (Deoptimize) done
Event: 11.301 Executing non-safepoint VM operation: HandshakeAllThreads (Deoptimize)
Event: 11.301 Executing non-safepoint VM operation: HandshakeAllThreads (Deoptimize) done
Event: 11.338 Executing non-safepoint VM operation: HandshakeAllThreads (Deoptimize)
Event: 11.338 Executing non-safepoint VM operation: HandshakeAllThreads (Deoptimize) done
Event: 11.411 Executing non-safepoint VM operation: HandshakeAllThreads (Deoptimize)
Event: 11.411 Executing non-safepoint VM operation: HandshakeAllThreads (Deoptimize) done
Event: 11.601 Executing safepoint VM operation: ICBufferFull
Event: 11.601 Executing safepoint VM operation: ICBufferFull done
Event: 11.923 Executing safepoint VM operation: G1CollectForAllocation (G1 Evacuation Pause)
Event: 11.930 Executing safepoint VM operation: G1CollectForAllocation (G1 Evacuation Pause) done
Event: 12.201 Executing safepoint VM operation: ICBufferFull
Event: 12.201 Executing safepoint VM operation: ICBufferFull done
Event: 12.599 Executing safepoint VM operation: ICBufferFull
Event: 12.599 Executing safepoint VM operation: ICBufferFull done
Event: 12.635 Executing safepoint VM operation: G1CollectForAllocation (G1 Evacuation Pause)
Event: 12.646 Executing safepoint VM operation: G1CollectForAllocation (G1 Evacuation Pause) done

Memory protections (0 events):
No events

Nmethod flushes (20 events):
Event: 11.053 Thread 0x000001d4797c7bf0 flushing  nmethod 0x000001d4659ea690
Event: 11.053 Thread 0x000001d4797c7bf0 flushing  nmethod 0x000001d4659ebd90
Event: 11.053 Thread 0x000001d4797c7bf0 flushing  nmethod 0x000001d4659ed110
Event: 11.053 Thread 0x000001d4797c7bf0 flushing  nmethod 0x000001d465b25790
Event: 11.053 Thread 0x000001d4797c7bf0 flushing  nmethod 0x000001d465bcae90
Event: 11.053 Thread 0x000001d4797c7bf0 flushing  nmethod 0x000001d465bcc090
Event: 11.053 Thread 0x000001d4797c7bf0 flushing  nmethod 0x000001d46474af10
Event: 11.053 Thread 0x000001d4797c7bf0 flushing  nmethod 0x000001d464869b10
Event: 11.053 Thread 0x000001d4797c7bf0 flushing  nmethod 0x000001d464b08b90
Event: 11.053 Thread 0x000001d4797c7bf0 flushing  nmethod 0x000001d464b5b710
Event: 11.053 Thread 0x000001d4797c7bf0 flushing  nmethod 0x000001d464bdcb10
Event: 11.053 Thread 0x000001d4797c7bf0 flushing  nmethod 0x000001d464c93b90
Event: 11.053 Thread 0x000001d4797c7bf0 flushing  nmethod 0x000001d464ebf190
Event: 11.053 Thread 0x000001d4797c7bf0 flushing  nmethod 0x000001d4651b9690
Event: 11.053 Thread 0x000001d4797c7bf0 flushing  nmethod 0x000001d4651b9990
Event: 11.053 Thread 0x000001d4797c7bf0 flushing  nmethod 0x000001d465397c10
Event: 11.053 Thread 0x000001d4797c7bf0 flushing  nmethod 0x000001d465c37290
Event: 11.053 Thread 0x000001d4797c7bf0 flushing  nmethod 0x000001d465c38310
Event: 11.053 Thread 0x000001d4797c7bf0 flushing  nmethod 0x000001d465c38a10
Event: 11.053 Thread 0x000001d4797c7bf0 flushing  nmethod 0x000001d465c39d10

Events (20 events):
Event: 11.043 Thread 0x000001d47f41d250 Thread added: 0x000001d403847850
Event: 11.044 Thread 0x000001d47f41d250 Thread added: 0x000001d403847ee0
Event: 11.132 Thread 0x000001d47f41d250 Thread added: 0x000001d400752690
Event: 11.139 Thread 0x000001d400752690 Thread added: 0x000001d405d73800
Event: 11.139 Thread 0x000001d400752690 Thread added: 0x000001d405d6e940
Event: 11.139 Thread 0x000001d400752690 Thread added: 0x000001d40681a4f0
Event: 11.139 Thread 0x000001d400752690 Thread added: 0x000001d40681d970
Event: 11.139 Thread 0x000001d400752690 Thread added: 0x000001d40681e000
Event: 11.139 Thread 0x000001d400752690 Thread added: 0x000001d406817d90
Event: 11.140 Thread 0x000001d400752690 Thread added: 0x000001d406819140
Event: 11.140 Thread 0x000001d400752690 Thread added: 0x000001d406817070
Event: 11.140 Thread 0x000001d400752690 Thread added: 0x000001d40681e690
Event: 11.140 Thread 0x000001d400752690 Thread added: 0x000001d40681b8a0
Event: 11.140 Thread 0x000001d400752690 Thread added: 0x000001d40681d2e0
Event: 11.140 Thread 0x000001d400752690 Thread added: 0x000001d406818420
Event: 11.140 Thread 0x000001d400752690 Thread added: 0x000001d40681c5c0
Event: 11.140 Thread 0x000001d400752690 Thread added: 0x000001d40681cc50
Event: 11.140 Thread 0x000001d400752690 Thread added: 0x000001d40681bf30
Event: 11.156 Thread 0x000001d400752690 Thread added: 0x000001d4068197d0
Event: 12.343 Thread 0x000001d402dfb9d0 Thread exited: 0x000001d402dfb9d0


Dynamic libraries:
0x00007ff7f1520000 - 0x00007ff7f152a000 	C:\Program Files\Android\Android Studio\jbr\bin\java.exe
0x00007ffbd2d30000 - 0x00007ffbd2f47000 	C:\Windows\SYSTEM32\ntdll.dll
0x00007ffbd0bb0000 - 0x00007ffbd0c74000 	C:\Windows\System32\KERNEL32.DLL
0x00007ffbcfe20000 - 0x00007ffbd01f2000 	C:\Windows\System32\KERNELBASE.dll
0x00007ffbd0200000 - 0x00007ffbd0311000 	C:\Windows\System32\ucrtbase.dll
0x00007ffbc7c70000 - 0x00007ffbc7c88000 	C:\Program Files\Android\Android Studio\jbr\bin\jli.dll
0x00007ffbafe70000 - 0x00007ffbafe8b000 	C:\Program Files\Android\Android Studio\jbr\bin\VCRUNTIME140.dll
0x00007ffbd1d40000 - 0x00007ffbd1ef1000 	C:\Windows\System32\USER32.dll
0x00007ffbd0990000 - 0x00007ffbd09b6000 	C:\Windows\System32\win32u.dll
0x00007ffbc1fb0000 - 0x00007ffbc224b000 	C:\Windows\WinSxS\amd64_microsoft.windows.common-controls_6595b64144ccf1df_6.0.22621.5697_none_27154c497380d676\COMCTL32.dll
0x00007ffbd1f00000 - 0x00007ffbd1f29000 	C:\Windows\System32\GDI32.dll
0x00007ffbd1ff0000 - 0x00007ffbd2097000 	C:\Windows\System32\msvcrt.dll
0x00007ffbd06f0000 - 0x00007ffbd0813000 	C:\Windows\System32\gdi32full.dll
0x00007ffbd0320000 - 0x00007ffbd03ba000 	C:\Windows\System32\msvcp_win.dll
0x00007ffbd1860000 - 0x00007ffbd1891000 	C:\Windows\System32\IMM32.DLL
0x00007ffbcb2a0000 - 0x00007ffbcb2ac000 	C:\Program Files\Android\Android Studio\jbr\bin\vcruntime140_1.dll
0x00007ffb8a4c0000 - 0x00007ffb8a54d000 	C:\Program Files\Android\Android Studio\jbr\bin\msvcp140.dll
0x00007ffb82e50000 - 0x00007ffb83ae6000 	C:\Program Files\Android\Android Studio\jbr\bin\server\jvm.dll
0x00007ffbd1730000 - 0x00007ffbd17e1000 	C:\Windows\System32\ADVAPI32.dll
0x00007ffbd11d0000 - 0x00007ffbd1278000 	C:\Windows\System32\sechost.dll
0x00007ffbd0820000 - 0x00007ffbd0848000 	C:\Windows\System32\bcrypt.dll
0x00007ffbd0c90000 - 0x00007ffbd0da7000 	C:\Windows\System32\RPCRT4.dll
0x00007ffbd1280000 - 0x00007ffbd12f1000 	C:\Windows\System32\WS2_32.dll
0x00007ffbcec50000 - 0x00007ffbcec9d000 	C:\Windows\SYSTEM32\POWRPROF.dll
0x00007ffbc8390000 - 0x00007ffbc83c4000 	C:\Windows\SYSTEM32\WINMM.dll
0x00007ffbc8a60000 - 0x00007ffbc8a6a000 	C:\Windows\SYSTEM32\VERSION.dll
0x00007ffbcec30000 - 0x00007ffbcec43000 	C:\Windows\SYSTEM32\UMPDC.dll
0x00007ffbcee90000 - 0x00007ffbceea8000 	C:\Windows\SYSTEM32\kernel.appcore.dll
0x00007ffbc8180000 - 0x00007ffbc818a000 	C:\Program Files\Android\Android Studio\jbr\bin\jimage.dll
0x00007ffbcd8e0000 - 0x00007ffbcdb13000 	C:\Windows\SYSTEM32\DBGHELP.DLL
0x00007ffbd0db0000 - 0x00007ffbd1142000 	C:\Windows\System32\combase.dll
0x00007ffbd14a0000 - 0x00007ffbd1578000 	C:\Windows\System32\OLEAUT32.dll
0x00007ffbabb10000 - 0x00007ffbabb42000 	C:\Windows\SYSTEM32\dbgcore.DLL
0x00007ffbd05f0000 - 0x00007ffbd066b000 	C:\Windows\System32\bcryptPrimitives.dll
0x00007ffbcaf00000 - 0x00007ffbcaf0e000 	C:\Program Files\Android\Android Studio\jbr\bin\instrument.dll
0x00007ffbaf9c0000 - 0x00007ffbaf9e0000 	C:\Program Files\Android\Android Studio\jbr\bin\java.dll
0x00007ffbad980000 - 0x00007ffbad998000 	C:\Program Files\Android\Android Studio\jbr\bin\zip.dll
0x00007ffbd2190000 - 0x00007ffbd2a31000 	C:\Windows\System32\SHELL32.dll
0x00007ffbd0850000 - 0x00007ffbd098f000 	C:\Windows\System32\wintypes.dll
0x00007ffbcdd00000 - 0x00007ffbce61a000 	C:\Windows\SYSTEM32\windows.storage.dll
0x00007ffbd1390000 - 0x00007ffbd149b000 	C:\Windows\System32\SHCORE.dll
0x00007ffbd17f0000 - 0x00007ffbd1859000 	C:\Windows\System32\shlwapi.dll
0x00007ffbcfd50000 - 0x00007ffbcfd7b000 	C:\Windows\SYSTEM32\profapi.dll
0x00007ffbc7ab0000 - 0x00007ffbc7ac0000 	C:\Program Files\Android\Android Studio\jbr\bin\net.dll
0x00007ffbc7900000 - 0x00007ffbc7a2c000 	C:\Windows\SYSTEM32\WINHTTP.dll
0x00007ffbcf3c0000 - 0x00007ffbcf429000 	C:\Windows\system32\mswsock.dll
0x00007ffbad720000 - 0x00007ffbad736000 	C:\Program Files\Android\Android Studio\jbr\bin\nio.dll
0x00007ffbaf9b0000 - 0x00007ffbaf9c0000 	C:\Program Files\Android\Android Studio\jbr\bin\verify.dll
0x00007ffbad160000 - 0x00007ffbad187000 	C:\Users\Admin\.gradle\native\660c5614fbf4a5f2a75b1949f50a0caf5cd603558e7d8a26e50b933a0cfb79d1\windows-amd64\native-platform.dll
0x00007ffb812c0000 - 0x00007ffb81337000 	C:\Users\Admin\.gradle\native\0.2.8\x86_64-windows-gnu\gradle-fileevents.dll
0x00007ffbafcb0000 - 0x00007ffbafcb9000 	C:\Program Files\Android\Android Studio\jbr\bin\management.dll
0x00007ffbafb40000 - 0x00007ffbafb4b000 	C:\Program Files\Android\Android Studio\jbr\bin\management_ext.dll
0x00007ffbd0c80000 - 0x00007ffbd0c88000 	C:\Windows\System32\PSAPI.DLL
0x00007ffbce900000 - 0x00007ffbce92d000 	C:\Windows\SYSTEM32\IPHLPAPI.DLL
0x00007ffbd1d30000 - 0x00007ffbd1d39000 	C:\Windows\System32\NSI.dll
0x00007ffbafda0000 - 0x00007ffbafda9000 	C:\Program Files\Android\Android Studio\jbr\bin\extnet.dll
0x00007ffbcf620000 - 0x00007ffbcf63b000 	C:\Windows\SYSTEM32\CRYPTSP.dll
0x00007ffbcee50000 - 0x00007ffbcee87000 	C:\Windows\system32\rsaenh.dll
0x00007ffbcf4b0000 - 0x00007ffbcf4d8000 	C:\Windows\SYSTEM32\USERENV.dll
0x00007ffbcf610000 - 0x00007ffbcf61c000 	C:\Windows\SYSTEM32\CRYPTBASE.dll
0x00007ffbcaf60000 - 0x00007ffbcaf68000 	C:\Windows\system32\wshunix.dll

JVMTI agents:
C:\Users\Admin\.gradle\wrapper\dists\gradle-9.4.1-bin\arn2x92ynaizyzdaamcbpbhtj\gradle-9.4.1\lib\agents\gradle-instrumentation-agent-9.4.1.jar path:C:\Program Files\Android\Android Studio\jbr\bin\instrument.dll, loaded, initialized, instrumentlib options:none

dbghelp: loaded successfully - version: 4.0.5 - missing functions: none
symbol engine: initialized successfully - sym options: 0x614 - pdb path: .;C:\Program Files\Android\Android Studio\jbr\bin;C:\Windows\SYSTEM32;C:\Windows\WinSxS\amd64_microsoft.windows.common-controls_6595b64144ccf1df_6.0.22621.5697_none_27154c497380d676;C:\Program Files\Android\Android Studio\jbr\bin\server;C:\Users\Admin\.gradle\native\660c5614fbf4a5f2a75b1949f50a0caf5cd603558e7d8a26e50b933a0cfb79d1\windows-amd64;C:\Users\Admin\.gradle\native\0.2.8\x86_64-windows-gnu

VM Arguments:
jvm_args: --add-opens=java.base/java.lang=ALL-UNNAMED --add-opens=java.base/java.lang.invoke=ALL-UNNAMED --add-opens=java.base/java.util=ALL-UNNAMED --add-opens=java.prefs/java.util.prefs=ALL-UNNAMED --add-exports=jdk.compiler/com.sun.tools.javac.api=ALL-UNNAMED --add-exports=jdk.compiler/com.sun.tools.javac.util=ALL-UNNAMED --add-opens=java.base/java.util=ALL-UNNAMED --add-opens=java.prefs/java.util.prefs=ALL-UNNAMED --add-opens=java.base/java.nio.charset=ALL-UNNAMED --add-opens=java.base/java.net=ALL-UNNAMED --add-opens=java.base/java.util.concurrent=ALL-UNNAMED --add-opens=java.base/java.util.concurrent.atomic=ALL-UNNAMED --add-opens=java.xml/javax.xml.namespace=ALL-UNNAMED --add-opens=java.base/java.time=ALL-UNNAMED -Xmx2048m -Dfile.encoding=UTF-8 -Duser.country=US -Duser.language=en -Duser.variant -javaagent:C:\Users\Admin\.gradle\wrapper\dists\gradle-9.4.1-bin\arn2x92ynaizyzdaamcbpbhtj\gradle-9.4.1\lib\agents\gradle-instrumentation-agent-9.4.1.jar 
java_command: org.gradle.launcher.daemon.bootstrap.GradleDaemon 9.4.1
java_class_path (initial): C:\Users\Admin\.gradle\wrapper\dists\gradle-9.4.1-bin\arn2x92ynaizyzdaamcbpbhtj\gradle-9.4.1\lib\gradle-daemon-main-9.4.1.jar
Launcher Type: SUN_STANDARD

[Global flags]
     intx CICompilerCount                          = 12                                        {product} {ergonomic}
     uint ConcGCThreads                            = 3                                         {product} {ergonomic}
     uint G1ConcRefinementThreads                  = 13                                        {product} {ergonomic}
   size_t G1HeapRegionSize                         = 1048576                                   {product} {ergonomic}
    uintx GCDrainStackTargetSize                   = 64                                        {product} {ergonomic}
   size_t InitialHeapSize                          = 534773760                                 {product} {ergonomic}
   size_t MarkStackSize                            = 4194304                                   {product} {ergonomic}
   size_t MaxHeapSize                              = 2147483648                                {product} {command line}
   size_t MaxNewSize                               = 1287651328                                {product} {ergonomic}
   size_t MinHeapDeltaBytes                        = 1048576                                   {product} {ergonomic}
   size_t MinHeapSize                              = 8388608                                   {product} {ergonomic}
    uintx NonNMethodCodeHeapSize                   = 7602480                                {pd product} {ergonomic}
    uintx NonProfiledCodeHeapSize                  = 122027880                              {pd product} {ergonomic}
    uintx ProfiledCodeHeapSize                     = 122027880                              {pd product} {ergonomic}
    uintx ReservedCodeCacheSize                    = 251658240                              {pd product} {ergonomic}
     bool SegmentedCodeCache                       = true                                      {product} {ergonomic}
   size_t SoftMaxHeapSize                          = 2147483648                             {manageable} {ergonomic}
     bool UseCompressedOops                        = true                           {product lp64_product} {ergonomic}
     bool UseG1GC                                  = true                                      {product} {ergonomic}
     bool UseLargePagesIndividualAllocation        = false                                  {pd product} {ergonomic}

Logging:
Log output configuration:
 #0: stdout all=warning uptime,level,tags foldmultilines=false
 #1: stderr all=off uptime,level,tags foldmultilines=false

Release file:
JAVA_VERSION="21.0.10" 
MODULES="java.base java.compiler java.datatransfer java.xml java.prefs java.desktop java.instrument java.logging java.management java.security.sasl java.naming java.rmi java.management.rmi java.net.http java.scripting java.security.jgss java.transaction.xa java.sql java.sql.rowset java.xml.crypto java.se java.smartcardio jdk.accessibility jdk.internal.jvmstat jdk.attach jdk.charsets jdk.internal.opt jdk.zipfs jdk.compiler jdk.crypto.ec jdk.crypto.cryptoki jdk.dynalink jdk.hotspot.agent jdk.httpserver jdk.internal.ed jdk.internal.le jdk.internal.vm.ci jdk.jartool jdk.javadoc jdk.jcmd jdk.jdeps jdk.jdwp.agent jdk.jdi jdk.jfr jdk.jlink jdk.jsobject jdk.localedata jdk.management jdk.management.agent jdk.management.jfr jdk.naming.dns jdk.naming.rmi jdk.net jdk.sctp jdk.security.auth jdk.security.jgss jdk.unsupported jdk.unsupported.desktop jdk.xml.dom" 
IMPLEMENTOR="JetBrains s.r.o." 
JAVA_RUNTIME_VERSION="21.0.10+-14961533-b1163.108" 
LIBC="default" 
OS_ARCH="x86_64" 
OS_NAME="Windows" 
SOURCE=".:git:1351622c2ff2" 

Environment Variables:
JAVA_HOME=C:\Program Files\Java\jdk-25
PATH=C:\Program Files\Common Files\Oracle\Java\javapath;C:\Python314\Scripts\;C:\Python314\;C:\Program Files (x86)\Common Files\Intel\Shared Libraries\redist\intel64\compiler;C:\Windows\system32;C:\Windows;C:\Windows\System32\Wbem;C:\Windows\System32\WindowsPowerShell\v1.0\;C:\Windows\System32\OpenSSH\;C:\Program Files (x86)\NVIDIA Corporation\PhysX\Common;C:\Program Files\dotnet\;C:\Program Files\cursor\resources\app\bin;C:\Program Files\Java\jdk-25\bin;C:\Program Files\Tailscale\;C:\Program Files\Zero Install;C:\ProgramData\chocolatey\bin;C:\Program Files\Git\cmd;C:\Program Files\nodejs\;C:\Users\Admin\AppData\Local\Programs\Python\Python312\Scripts\;C:\Users\Admin\AppData\Local\Programs\Python\Python312\;C:\Users\Admin\AppData\Local\Microsoft\WindowsApps;C:\Users\Admin\AppData\Local\Programs\Microsoft VS Code\bin;C:\Users\Admin\AppData\Local\Programs\Hyper\resources\bin;C:\Users\Admin\AppData\Roaming\npm;C:\Users\Admin\.bun\bin
USERNAME=Admin
OS=Windows_NT
PROCESSOR_IDENTIFIER=Intel64 Family 6 Model 191 Stepping 2, GenuineIntel
TMP=C:\Users\Admin\AppData\Local\Temp
TEMP=C:\Users\Admin\AppData\Local\Temp




Periodic native trim disabled

JNI global refs:
JNI global refs: 37, weak refs: 0

JNI global refs memory usage: 835, weak refs: 833

Process memory usage:
Resident Set Size: 556848K (1% of 33363380K total physical memory with 4085736K free physical memory)

OOME stack traces (most recent first):
Classloader memory used:
Loader org.gradle.internal.classloader.VisitableURLClassLoader                         : 46737K
Loader org.gradle.internal.classloader.VisitableURLClassLoader$InstrumentingVisitableURLClassLoader: 35839K
Loader bootstrap                                                                       : 28891K
Loader org.gradle.initialization.MixInLegacyTypesClassLoader                           : 13274K
Loader jdk.internal.reflect.DelegatingClassLoader                                      : 353K
Loader org.gradle.internal.classloader.VisitableURLClassLoader                         : 266K
Loader jdk.internal.loader.ClassLoaders$AppClassLoader                                 : 189K
Loader jdk.internal.loader.ClassLoaders$PlatformClassLoader                            : 149K
Loader org.gradle.groovy.scripts.internal.DefaultScriptCompilationHandler$ScriptClassLoader: 128K

Classes loaded by more than one classloader:
Class Program                                                                         : loaded 5 times (x 72B)
Class Build_gradle                                                                    : loaded 3 times (x 126B)
Class com.google.common.collect.RegularImmutableMap$KeySet                            : loaded 2 times (x 152B)
Class ijKotlinCoroutineJvmDebugInit1_2edxob47te3k3j1lkm25ffz4$_run_closure1$_closure2 : loaded 2 times (x 139B)
Class org.gradle.internal.classloader.FilteringClassLoader                            : loaded 2 times (x 105B)
Class com.google.common.base.CharMatcher$IsEither                                     : loaded 2 times (x 111B)
Class org.gradle.internal.classloader.ClassLoaderHierarchy                            : loaded 2 times (x 70B)
Class com.google.common.collect.ImmutableEnumSet                                      : loaded 2 times (x 146B)
Class com.google.common.util.concurrent.ExecutionError                                : loaded 2 times (x 82B)
Class com.google.common.collect.ImmutableList$1                                       : loaded 2 times (x 97B)
Class com.google.common.collect.RegularImmutableMap                                   : loaded 2 times (x 121B)
Class com.google.common.collect.ImmutableMap$MapViewOfValuesAsSingletonSets           : loaded 2 times (x 126B)
Class [Lorg.objectweb.asm.Symbol;                                                     : loaded 2 times (x 69B)
Class org.objectweb.asm.ClassVisitor                                                  : loaded 2 times (x 88B)
Class com.google.common.collect.UnmodifiableListIterator                              : loaded 2 times (x 95B)
Class com.google.common.base.Platform$JdkPatternCompiler                              : loaded 2 times (x 75B)
Class org.objectweb.asm.MethodTooLargeException                                       : loaded 2 times (x 83B)
Class [Lcom.google.common.cache.CacheBuilder$OneWeigher;                              : loaded 2 times (x 69B)
Class com.google.common.base.Suppliers                                                : loaded 2 times (x 71B)
Class org.gradle.internal.classloader.DefaultClassLoaderFactory                       : loaded 2 times (x 82B)
Class [Lcom.google.common.collect.ImmutableMapEntry;                                  : loaded 2 times (x 69B)
Class com.google.common.collect.ImmutableRangeSet                                     : loaded 2 times (x 115B)
Class com.google.common.collect.ListMultimap                                          : loaded 2 times (x 70B)
Class com.google.common.collect.ImmutableEnumMap                                      : loaded 2 times (x 126B)
Class com.google.common.collect.Sets$1                                                : loaded 2 times (x 139B)
Class org.objectweb.asm.AnnotationVisitor                                             : loaded 2 times (x 78B)
Class org.gradle.api.internal.DefaultClassPathProvider                                : loaded 2 times (x 76B)
Class com.google.common.collect.Sets$2                                                : loaded 2 times (x 139B)
Class [Lorg.gradle.api.internal.ClassPathProvider;                                    : loaded 2 times (x 69B)
Class org.gradle.api.internal.ClassPathProvider                                       : loaded 2 times (x 70B)
Class [Lorg.objectweb.asm.AnnotationVisitor;                                          : loaded 2 times (x 69B)
Class com.google.common.collect.Sets$3                                                : loaded 2 times (x 139B)
Class com.google.common.cache.LocalCache$LocalLoadingCache                            : loaded 2 times (x 134B)
Class org.gradle.internal.service.UnknownServiceException                             : loaded 2 times (x 83B)
Class com.google.common.collect.Sets$4                                                : loaded 2 times (x 139B)
Class org.objectweb.asm.ModuleVisitor                                                 : loaded 2 times (x 81B)
Class com.google.common.cache.LocalCache$Strength$1                                   : loaded 2 times (x 81B)
Class com.google.common.util.concurrent.SettableFuture                                : loaded 2 times (x 114B)
Class com.google.common.cache.LocalCache$Strength$2                                   : loaded 2 times (x 81B)
Class com.google.common.cache.LocalCache$Strength$3                                   : loaded 2 times (x 81B)
Class com.google.common.collect.MapDifference                                         : loaded 2 times (x 70B)
Class org.objectweb.asm.FieldWriter                                                   : loaded 2 times (x 78B)
Class com.google.common.cache.CacheBuilder$NullListener                               : loaded 2 times (x 82B)
Class org.gradle.internal.classpath.TransformedClassPath                              : loaded 2 times (x 96B)
Class org.gradle.internal.classloader.InstrumentingClassLoader                        : loaded 2 times (x 70B)
Class com.google.common.collect.ImmutableRangeSet$AsSet                               : loaded 2 times (x 300B)
Class com.google.common.cache.CacheLoader$FunctionToCacheLoader                       : loaded 2 times (x 75B)
Class com.google.common.collect.Iterators$ArrayItr                                    : loaded 2 times (x 97B)
Class com.google.common.collect.ImmutableCollection$Builder                           : loaded 2 times (x 76B)
Class com.google.common.base.Joiner                                                   : loaded 2 times (x 79B)
Class com.google.common.base.MoreObjects                                              : loaded 2 times (x 71B)
Class com.google.common.collect.Platform                                              : loaded 2 times (x 71B)
Class [Lorg.objectweb.asm.Type;                                                       : loaded 2 times (x 69B)
Class com.google.common.base.PairwiseEquivalence                                      : loaded 2 times (x 83B)
Class org.gradle.internal.service.ServiceLocator                                      : loaded 2 times (x 70B)
Class com.google.common.base.Ascii                                                    : loaded 2 times (x 71B)
Class com.google.common.collect.SingletonImmutableBiMap                               : loaded 2 times (x 143B)
Class com.google.common.cache.LocalCache$1                                            : loaded 2 times (x 89B)
Class com.google.common.collect.Iterators$SingletonIterator                           : loaded 2 times (x 81B)
Class com.google.common.collect.AbstractMapEntry                                      : loaded 2 times (x 81B)
Class com.google.common.collect.Sets$ImprovedAbstractSet                              : loaded 2 times (x 135B)
Class com.google.common.collect.ImmutableList$Builder                                 : loaded 2 times (x 77B)
Class com.google.common.collect.AbstractMultimap                                      : loaded 2 times (x 123B)
Class com.google.common.cache.LocalCache$2                                            : loaded 2 times (x 142B)
Class com.google.common.collect.ImmutableRangeSet$1                                   : loaded 2 times (x 210B)
Class com.google.common.collect.RegularImmutableAsList                                : loaded 2 times (x 217B)
Class com.google.common.collect.Range                                                 : loaded 2 times (x 87B)
Class com.google.common.util.concurrent.AbstractFuture$Trusted                        : loaded 2 times (x 70B)
Class com.google.common.collect.Iterators                                             : loaded 2 times (x 71B)
Class com.google.common.collect.Lists$StringAsImmutableList                           : loaded 2 times (x 207B)
Class com.google.common.util.concurrent.UncheckedExecutionException                   : loaded 2 times (x 82B)
Class org.gradle.kotlin.dsl.VersionCatalogAccessorsKt                                 : loaded 2 times (x 71B)
Class com.google.common.collect.AbstractMapBasedMultimap$KeySet$1                     : loaded 2 times (x 82B)
Class org.objectweb.asm.ClassWriter                                                   : loaded 2 times (x 106B)
Class com.google.common.base.CharMatcher$And                                          : loaded 2 times (x 112B)
Class com.google.common.cache.CacheLoader$UnsupportedLoadingOperationException        : loaded 2 times (x 82B)
Class com.google.common.base.Objects                                                  : loaded 2 times (x 71B)
Class org.objectweb.asm.FieldVisitor                                                  : loaded 2 times (x 77B)
Class com.google.common.collect.IndexedImmutableSet                                   : loaded 2 times (x 152B)
Class com.google.common.collect.ImmutableMap$1                                        : loaded 2 times (x 81B)
Class com.google.common.collect.BiMap                                                 : loaded 2 times (x 70B)
Class org.gradle.api.internal.classpath.DefaultModuleRegistry$DefaultModule           : loaded 2 times (x 82B)
Class com.google.common.primitives.Ints                                               : loaded 2 times (x 71B)
Class com.google.common.collect.AbstractIterator                                      : loaded 2 times (x 82B)
Class com.google.common.collect.ObjectArrays                                          : loaded 2 times (x 71B)
Class com.google.common.collect.Multiset                                              : loaded 2 times (x 70B)
Class com.google.common.collect.ArrayListMultimapGwtSerializationDependencies         : loaded 2 times (x 172B)
Class com.google.common.collect.AbstractIndexedListIterator                           : loaded 2 times (x 96B)
Class com.google.common.math.MathPreconditions                                        : loaded 2 times (x 71B)
Class com.google.common.collect.ImmutableMapEntrySet                                  : loaded 2 times (x 152B)
Class org.gradle.api.internal.classpath.Module                                        : loaded 2 times (x 70B)
Class com.google.common.cache.Weigher                                                 : loaded 2 times (x 70B)
Class org.gradle.api.internal.classpath.UnknownModuleException                        : loaded 2 times (x 82B)
Class com.google.common.base.Stopwatch                                                : loaded 2 times (x 72B)
Class com.google.common.cache.LocalCache$Strength                                     : loaded 2 times (x 81B)
Class com.google.common.cache.Cache                                                   : loaded 2 times (x 70B)
Class com.google.common.util.concurrent.AbstractFuture$Cancellation                   : loaded 2 times (x 72B)
Class com.google.common.collect.ImmutableMap$Builder                                  : loaded 2 times (x 82B)
Class com.google.common.cache.RemovalListener                                         : loaded 2 times (x 70B)
Class ijKotlinCoroutineJvmDebugInit1_2edxob47te3k3j1lkm25ffz4                         : loaded 2 times (x 171B)
Class org.gradle.api.internal.DefaultClassPathRegistry                                : loaded 2 times (x 76B)
Class com.google.common.primitives.IntsMethodsForWeb                                  : loaded 2 times (x 71B)
Class com.google.common.collect.Multimap                                              : loaded 2 times (x 70B)
Class org.gradle.internal.classpath.DefaultClassPath$ImmutableUniqueList              : loaded 2 times (x 199B)
Class org.gradle.api.internal.ClassPathRegistry                                       : loaded 2 times (x 70B)
Class com.google.common.base.ExtraObjectsMethodsForWeb                                : loaded 2 times (x 71B)
Class com.google.common.collect.UnmodifiableIterator                                  : loaded 2 times (x 80B)
Class com.google.common.cache.CacheBuilder                                            : loaded 2 times (x 72B)
Class com.google.common.collect.SingletonImmutableList                                : loaded 2 times (x 207B)
Class Settings_gradle$1                                                               : loaded 2 times (x 74B)
Class org.gradle.internal.classpath.ClassPath                                         : loaded 2 times (x 70B)
Class com.google.common.base.JdkPattern                                               : loaded 2 times (x 75B)
Class com.google.common.collect.ImmutableList$ReverseImmutableList                    : loaded 2 times (x 209B)
Class org.objectweb.asm.SymbolTable$Entry                                             : loaded 2 times (x 74B)
Class org.gradle.api.internal.classpath.DefaultModuleRegistry$DefaultModuleAlias      : loaded 2 times (x 80B)
Class org.objectweb.asm.Edge                                                          : loaded 2 times (x 72B)
Class com.google.common.base.Suppliers$SupplierOfInstance                             : loaded 2 times (x 79B)
Class com.google.common.collect.Iterators$1                                           : loaded 2 times (x 81B)
Class com.google.common.cache.LocalCache$ComputingValueReference                      : loaded 2 times (x 96B)
Class com.google.common.collect.SingletonImmutableSet                                 : loaded 2 times (x 146B)
Class com.google.common.collect.ImmutableMap$IteratorBasedImmutableMap                : loaded 2 times (x 126B)
Class com.google.common.cache.LocalCache$Segment                                      : loaded 2 times (x 154B)
Class com.google.common.collect.SortedIterable                                        : loaded 2 times (x 70B)
Class com.google.common.collect.AbstractListMultimap                                  : loaded 2 times (x 172B)
Class [Lorg.objectweb.asm.SymbolTable$Entry;                                          : loaded 2 times (x 69B)
Class com.google.common.cache.CacheLoader                                             : loaded 2 times (x 74B)
Class com.google.common.collect.Iterators$4                                           : loaded 2 times (x 82B)
Class com.google.common.collect.ImmutableBiMap                                        : loaded 2 times (x 143B)
Class org.gradle.api.internal.classpath.ModuleRegistry                                : loaded 2 times (x 70B)
Class org.gradle.internal.installation.GradleInstallation$1                           : loaded 2 times (x 75B)
Class com.google.common.util.concurrent.internal.InternalFutureFailureAccess          : loaded 2 times (x 72B)
Class com.google.common.collect.Iterators$5                                           : loaded 2 times (x 82B)
Class com.google.common.collect.ImmutableSet$JdkBackedSetBuilderImpl                  : loaded 2 times (x 76B)
Class com.google.common.base.CharMatcher$ForPredicate                                 : loaded 2 times (x 112B)
Class com.google.common.cache.LocalCache$LocalManualCache$1                           : loaded 2 times (x 75B)
Class com.google.common.base.CharMatcher$AnyOf                                        : loaded 2 times (x 112B)
Class com.google.common.collect.ImmutableCollection                                   : loaded 2 times (x 125B)
Class org.gradle.api.internal.classpath.DefaultModuleRegistry                         : loaded 2 times (x 84B)
Class com.google.common.collect.Lists                                                 : loaded 2 times (x 71B)
Class com.google.common.util.concurrent.ListenableFuture                              : loaded 2 times (x 70B)
Class com.google.common.cache.ReferenceEntry                                          : loaded 2 times (x 70B)
Class com.google.common.base.Converter                                                : loaded 2 times (x 90B)
Class com.google.common.collect.ImmutableSet$CachingAsList                            : loaded 2 times (x 148B)
Class com.google.common.collect.AbstractMapBasedMultimap                              : loaded 2 times (x 139B)
Class com.google.common.util.concurrent.AbstractFuture                                : loaded 2 times (x 106B)
Class com.google.common.base.FunctionalEquivalence                                    : loaded 2 times (x 83B)
Class com.google.common.collect.Iterators$9                                           : loaded 2 times (x 81B)
Class com.google.common.collect.ImmutableAsList                                       : loaded 2 times (x 209B)
Class org.objectweb.asm.RecordComponentVisitor                                        : loaded 2 times (x 77B)
Class com.google.common.cache.CacheLoader$SupplierToCacheLoader                       : loaded 2 times (x 75B)
Class org.gradle.internal.service.ServiceLookupException                              : loaded 2 times (x 82B)
Class com.google.common.collect.ImmutableSortedSet                                    : loaded 2 times (x 300B)
Class [Lcom.google.common.cache.LocalCache$EntryFactory;                              : loaded 2 times (x 69B)
Class org.gradle.internal.classloader.ClassLoaderFactory                              : loaded 2 times (x 70B)
Class com.google.common.base.CommonPattern                                            : loaded 2 times (x 74B)
Class com.google.common.base.CharMatcher$IsNot                                        : loaded 2 times (x 111B)
Class com.google.common.cache.LocalCache$LocalManualCache                             : loaded 2 times (x 99B)
Class org.gradle.internal.service.CachingServiceLocator                               : loaded 2 times (x 82B)
Class com.google.common.collect.AbstractMapBasedMultimap$KeySet                       : loaded 2 times (x 137B)
Class com.google.common.collect.RegularImmutableSortedSet                             : loaded 2 times (x 300B)
Class com.google.common.math.IntMath                                                  : loaded 2 times (x 71B)
Class com.google.common.collect.ImmutableMapEntry                                     : loaded 2 times (x 85B)
Class com.google.common.base.Equivalence                                              : loaded 2 times (x 82B)
Class com.google.common.base.Function                                                 : loaded 2 times (x 70B)
Class com.google.common.collect.ImmutableMapEntry$NonTerminalImmutableMapEntry        : loaded 2 times (x 85B)
Class ijJvmDebugger1_6gnha51x1399uf0afb4xb1b8s$_run_closure1                          : loaded 2 times (x 139B)
Class com.google.common.collect.IndexedImmutableSet$1                                 : loaded 2 times (x 213B)
Class com.google.common.cache.CacheBuilder$OneWeigher                                 : loaded 2 times (x 82B)
Class com.google.common.collect.RegularImmutableList                                  : loaded 2 times (x 213B)
Class org.gradle.internal.classloader.ClasspathUtil                                   : loaded 2 times (x 71B)
Class com.google.common.util.concurrent.Uninterruptibles                              : loaded 2 times (x 71B)
Class com.google.common.util.concurrent.LazyLogger                                    : loaded 2 times (x 72B)
Class com.google.common.collect.Maps                                                  : loaded 2 times (x 71B)
Class org.gradle.api.specs.Spec                                                       : loaded 2 times (x 70B)
Class [Lcom.google.common.collect.ImmutableEntry;                                     : loaded 2 times (x 69B)
Class com.google.common.cache.LocalCache$LoadingValueReference                        : loaded 2 times (x 96B)
Class com.google.common.base.Platform                                                 : loaded 2 times (x 71B)
Class [Lorg.objectweb.asm.AnnotationWriter;                                           : loaded 2 times (x 69B)
Class com.google.common.collect.Maps$8                                                : loaded 2 times (x 82B)
Class com.google.common.collect.ImmutableRangeSet$Builder                             : loaded 2 times (x 77B)
Class com.google.common.collect.Sets$SetView                                          : loaded 2 times (x 138B)
Class com.google.common.cache.LocalCache$StrongValueReference                         : loaded 2 times (x 90B)
Class org.objectweb.asm.Type                                                          : loaded 2 times (x 72B)
Class org.gradle.internal.classloader.VisitableURLClassLoader$InstrumentingVisitableURLClassLoader: loaded 2 times (x 123B)
Class org.objectweb.asm.ByteVector                                                    : loaded 2 times (x 79B)
Class [Lcom.google.common.cache.CacheBuilder$NullListener;                            : loaded 2 times (x 69B)
Class com.google.common.math.IntMath$1                                                : loaded 2 times (x 71B)
Class org.gradle.internal.classloader.VisitableURLClassLoader$Spec                    : loaded 2 times (x 74B)
Class org.gradle.internal.classpath.DefaultClassPath                                  : loaded 2 times (x 90B)
Class org.objectweb.asm.Symbol                                                        : loaded 2 times (x 73B)
Class ijKotlinCoroutineJvmDebugInit1_2edxob47te3k3j1lkm25ffz4$_run_closure1           : loaded 2 times (x 139B)
Class com.google.common.base.CharMatcher$BitSetMatcher                                : loaded 2 times (x 112B)
Class com.google.common.collect.RegularImmutableMap$Values                            : loaded 2 times (x 207B)
Class com.google.common.collect.ImmutableSet                                          : loaded 2 times (x 145B)
Class org.gradle.internal.classloader.ClassLoaderSpec                                 : loaded 2 times (x 71B)
Class org.objectweb.asm.AnnotationWriter                                              : loaded 2 times (x 79B)
Class com.google.common.cache.CacheStats                                              : loaded 2 times (x 71B)
Class org.objectweb.asm.RecordComponentWriter                                         : loaded 2 times (x 78B)
Class com.google.common.util.concurrent.AbstractFuture$Listener                       : loaded 2 times (x 72B)
Class com.google.common.base.CharMatcher$Or                                           : loaded 2 times (x 112B)
Class Settings_gradle$1$1                                                             : loaded 2 times (x 74B)
Class org.gradle.api.internal.classpath.Module$ModuleAlias                            : loaded 2 times (x 70B)
Class org.objectweb.asm.Attribute                                                     : loaded 2 times (x 77B)
Class com.google.common.base.Supplier                                                 : loaded 2 times (x 70B)
Class org.gradle.internal.classloader.VisitableURLClassLoader                         : loaded 2 times (x 117B)
Class Settings_gradle                                                                 : loaded 2 times (x 124B)
Class org.gradle.internal.Cast                                                        : loaded 2 times (x 71B)
Class org.gradle.api.Action                                                           : loaded 2 times (x 70B)
Class com.google.common.base.Strings                                                  : loaded 2 times (x 71B)
Class com.google.common.collect.Sets                                                  : loaded 2 times (x 71B)
Class org.objectweb.asm.Handler                                                       : loaded 2 times (x 72B)
Class com.google.common.base.CharMatcher$FastMatcher                                  : loaded 2 times (x 111B)
Class com.google.common.base.Ticker                                                   : loaded 2 times (x 72B)
Class [Lcom.google.common.cache.LocalCache$Segment;                                   : loaded 2 times (x 69B)
Class com.google.common.base.Predicate                                                : loaded 2 times (x 70B)
Class [Lcom.google.common.cache.LocalCache$Strength;                                  : loaded 2 times (x 69B)
Class com.google.common.cache.CacheBuilder$1                                          : loaded 2 times (x 85B)
Class com.google.common.collect.ImmutableMap                                          : loaded 2 times (x 120B)
Class ijJvmDebugger1_6gnha51x1399uf0afb4xb1b8s                                        : loaded 2 times (x 171B)
Class org.gradle.internal.classpath.DefaultClassPath$ImmutableUniqueList$Builder      : loaded 2 times (x 75B)
Class com.google.common.collect.AbstractRangeSet                                      : loaded 2 times (x 114B)
Class com.google.common.base.CharMatcher$NegatedFastMatcher                           : loaded 2 times (x 113B)
Class com.google.common.cache.LocalCache                                              : loaded 2 times (x 187B)
Class com.google.common.cache.CacheBuilder$2                                          : loaded 2 times (x 79B)
Class com.google.common.collect.ArrayListMultimap                                     : loaded 2 times (x 172B)
Class com.google.common.cache.CacheBuilder$3                                          : loaded 2 times (x 72B)
Class [Lcom.google.common.collect.AbstractMapEntry;                                   : loaded 2 times (x 69B)
Class com.google.common.collect.ImmutableEntry                                        : loaded 2 times (x 82B)
Class org.gradle.api.GradleException                                                  : loaded 2 times (x 82B)
Class com.google.common.collect.CollectPreconditions                                  : loaded 2 times (x 71B)
Class com.google.common.collect.SortedMapDifference                                   : loaded 2 times (x 70B)
Class com.google.common.cache.LocalCache$EntryFactory                                 : loaded 2 times (x 83B)
Class com.google.common.cache.LocalCache$AbstractReferenceEntry                       : loaded 2 times (x 107B)
Class org.gradle.internal.IoActions                                                   : loaded 2 times (x 71B)
Class com.google.common.collect.ImmutableRangeSet$ComplementRanges                    : loaded 2 times (x 207B)
Class org.objectweb.asm.SymbolTable                                                   : loaded 2 times (x 72B)
Class com.google.common.cache.CacheLoader$InvalidCacheLoadException                   : loaded 2 times (x 82B)
Class com.google.common.collect.ImmutableSet$RegularSetBuilderImpl                    : loaded 2 times (x 77B)
Class com.google.common.cache.LocalCache$StrongEntry                                  : loaded 2 times (x 108B)
Class com.google.common.util.concurrent.AbstractFuture$TrustedFuture                  : loaded 2 times (x 114B)
Class com.google.common.cache.LoadingCache                                            : loaded 2 times (x 70B)
Class org.objectweb.asm.MethodWriter                                                  : loaded 2 times (x 106B)
Class [Lcom.google.common.cache.Weigher;                                              : loaded 2 times (x 69B)
Class com.google.common.collect.RegularImmutableMap$BucketOverflowException           : loaded 2 times (x 82B)
Class com.google.common.collect.RegularImmutableBiMap                                 : loaded 2 times (x 149B)
Class com.google.common.base.CharMatcher$Is                                           : loaded 2 times (x 111B)
Class com.google.common.base.CharMatcher$Negated                                      : loaded 2 times (x 113B)
Class com.google.common.cache.LocalCache$ValueReference                               : loaded 2 times (x 70B)
Class com.google.common.base.PatternCompiler                                          : loaded 2 times (x 70B)
Class com.google.common.util.concurrent.AbstractFuture$Failure                        : loaded 2 times (x 72B)
Class com.google.common.base.Equivalence$Equals                                       : loaded 2 times (x 82B)
Class com.google.common.collect.Hashing                                               : loaded 2 times (x 71B)
Class com.google.common.base.Preconditions                                            : loaded 2 times (x 71B)
Class com.google.common.base.Joiner$1                                                 : loaded 2 times (x 80B)
Class org.objectweb.asm.Label                                                         : loaded 2 times (x 73B)
Class org.objectweb.asm.CurrentFrame                                                  : loaded 2 times (x 73B)
Class org.objectweb.asm.ClassTooLargeException                                        : loaded 2 times (x 83B)
Class com.google.common.base.CharMatcher                                              : loaded 2 times (x 111B)
Class com.google.common.collect.PeekingIterator                                       : loaded 2 times (x 70B)
Class com.google.common.collect.RangeGwtSerializationDependencies                     : loaded 2 times (x 71B)
Class com.google.common.base.Joiner$2                                                 : loaded 2 times (x 79B)
Class org.objectweb.asm.Frame                                                         : loaded 2 times (x 73B)
Class org.objectweb.asm.MethodVisitor                                                 : loaded 2 times (x 105B)
Class com.google.common.base.CharMatcher$1                                            : loaded 2 times (x 113B)
Class com.google.common.base.CharMatcher$NamedFastMatcher                             : loaded 2 times (x 112B)
Class com.google.common.cache.LocalCache$EntryFactory$1                               : loaded 2 times (x 83B)
Class [Lcom.google.common.cache.RemovalListener;                                      : loaded 2 times (x 69B)
Class com.google.common.collect.RangeSet                                              : loaded 2 times (x 70B)
Class com.google.common.cache.LocalCache$EntryFactory$2                               : loaded 2 times (x 83B)
Class ijJvmDebugger1_6gnha51x1399uf0afb4xb1b8s$_run_closure1$_closure2                : loaded 2 times (x 140B)
Class com.google.common.collect.CollectCollectors                                     : loaded 2 times (x 71B)
Class org.objectweb.asm.ModuleWriter                                                  : loaded 2 times (x 82B)
Class com.google.common.cache.LocalCache$EntryFactory$3                               : loaded 2 times (x 83B)
Class com.google.common.base.Ticker$1                                                 : loaded 2 times (x 72B)
Class com.google.common.collect.Maps$BiMapConverter                                   : loaded 2 times (x 90B)
Class com.google.common.collect.ImmutableMapEntrySet$RegularEntrySet                  : loaded 2 times (x 152B)
Class com.google.common.base.CharMatcher$InRange                                      : loaded 2 times (x 111B)
Class com.google.common.cache.LocalCache$EntryFactory$4                               : loaded 2 times (x 83B)
Class com.google.common.collect.ImmutableSet$Builder                                  : loaded 2 times (x 85B)
Class com.google.common.cache.LocalCache$EntryFactory$5                               : loaded 2 times (x 83B)
Class com.google.common.base.Equivalence$Identity                                     : loaded 2 times (x 82B)
Class com.google.common.cache.LocalCache$EntryFactory$6                               : loaded 2 times (x 83B)
Class org.gradle.internal.installation.CurrentGradleInstallationLocator               : loaded 2 times (x 71B)
Class com.google.common.collect.Maps$KeySet                                           : loaded 2 times (x 137B)
Class com.google.common.cache.LocalCache$EntryFactory$7                               : loaded 2 times (x 83B)
Class com.google.common.collect.ImmutableSet$EmptySetBuilderImpl                      : loaded 2 times (x 76B)
Class com.google.common.collect.ImmutableList                                         : loaded 2 times (x 206B)
Class org.gradle.internal.service.DefaultServiceLocator                               : loaded 2 times (x 83B)
Class com.google.common.cache.LocalCache$EntryFactory$8                               : loaded 2 times (x 83B)
Class com.google.common.collect.ImmutableSet$SetBuilderImpl                           : loaded 2 times (x 76B)
Class org.gradle.internal.installation.CurrentGradleInstallation                      : loaded 2 times (x 73B)
Class com.google.common.cache.CacheLoader$1                                           : loaded 2 times (x 75B)
Class com.google.common.collect.ImmutableList$SubList                                 : loaded 2 times (x 209B)
Class org.gradle.util.internal.GUtil                                                  : loaded 2 times (x 71B)
Class com.google.common.cache.AbstractCache$StatsCounter                              : loaded 2 times (x 70B)
Class com.google.common.collect.Iterators$MergingIterator                             : loaded 2 times (x 81B)
Class com.google.common.collect.RegularImmutableSet                                   : loaded 2 times (x 149B)
Class org.gradle.internal.installation.GradleInstallation                             : loaded 2 times (x 75B)
Class com.google.common.collect.Iterables                                             : loaded 2 times (x 71B)

---------------  S Y S T E M  ---------------

OS:
 Windows 11 , 64 bit Build 22621 (10.0.22621.5415)
OS uptime: 14 days 6:32 hours

CPU: total 16 (initial active 16) (8 cores per cpu, 2 threads per core) family 6 model 191 stepping 2 microcode 0x2c, cx8, cmov, fxsr, ht, mmx, 3dnowpref, sse, sse2, sse3, ssse3, sse4.1, sse4.2, popcnt, lzcnt, tsc, tscinvbit, avx, avx2, aes, erms, clmul, bmi1, bmi2, adx, sha, fma, vzeroupper, clflush, clflushopt, clwb, serialize, rdtscp, rdpid, fsrm, f16c, pku, cet_ibt, cet_ss
Processor Information for the first 16 processors :
  Max Mhz: 2500, Current Mhz: 2500, Mhz Limit: 2500

Memory: 4k page, system-wide physical 32581M (3987M free)
TotalPageFile size 59056M (AvailPageFile size 5M)
current process WorkingSet (physical memory assigned to process): 543M, peak: 543M
current process commit charge ("private bytes"): 590M, peak: 685M

vm_info: OpenJDK 64-Bit Server VM (21.0.10+-14961533-b1163.108) for windows-amd64 JRE (21.0.10+-14961533-b1163.108), built on 2026-03-02T19:58:50Z by "builder" with MS VC++ 16.10 / 16.11 (VS2019)

END.
